,q8,q3
0,C,C
1,C,C
2,C,C
3,C,C
4,C,C
5,C,C
6,C,C
7,C,C
8,C,C
9,C,C
10,C,C
11,C,C
12,C,C
13,C,C
14,C,C
15,C,C
16,C,C
17,C,C
18,C,C
19,C,C
20,C,C
21,C,C
22,C,C
23,C,C
24,C,C
25,C,C
26,H,H
27,H,H
28,H,H
29,H,H
30,H,H
31,H,H
32,H,H
33,H,H
34,G,H
35,G,H
36,G,H
37,C,C
38,C,C
39,C,C
40,C,C
41,C,C
42,C,C
43,C,C
44,C,C
45,C,C
46,C,C
47,C,C
48,C,C
49,C,C
50,C,C
51,H,H
52,H,H
53,H,H
54,H,H
55,H,H
56,H,H
57,H,H
58,H,H
59,C,C
60,C,C
61,C,C
62,C,C
63,S,C
64,S,C
65,H,H
66,H,H
67,H,H
68,H,H
69,H,H
70,H,H
71,H,H
72,H,H
73,H,H
74,H,H
75,H,H
76,H,H
77,H,H
78,H,H
79,H,H
80,H,H
81,H,H
82,H,H
83,H,H
84,H,H
85,H,H
86,H,H
87,H,H
88,H,H
89,H,H
90,H,H
91,H,H
92,H,H
93,T,C
94,S,C
95,S,C
96,C,C
97,S,C
98,C,C
99,S,C
100,H,H
101,H,H
102,H,H
103,H,H
104,H,H
105,H,H
106,H,H
107,H,H
108,H,H
109,H,H
110,H,H
111,H,H
112,H,H
113,H,H
114,H,H
115,H,H
116,H,H
117,H,H
118,H,H
119,H,H
120,H,H
121,H,H
122,H,H
123,T,C
124,T,C
125,C,C
126,C,C
127,C,C
128,C,C
129,C,C
130,C,C
131,C,C
132,H,H
133,H,H
134,H,H
135,H,H
136,H,H
137,H,H
138,H,H
139,H,H
140,H,H
141,H,H
142,H,H
143,H,H
144,C,C
145,C,C
146,C,C
147,C,C
148,C,C
149,C,C
150,C,C
151,C,C
152,C,C
153,C,C
154,C,C
155,C,C
156,C,C
157,C,C
158,C,C
159,C,C
160,C,C
161,C,C
162,C,C
163,H,H
164,H,H
165,H,H
166,H,H
167,H,H
168,H,H
169,H,H
170,H,H
171,H,H
172,H,H
173,H,H
174,H,H
175,H,H
176,H,H
177,H,H
178,H,H
179,H,H
180,H,H
181,H,H
182,H,H
183,H,H
184,H,H
185,H,H
186,H,H
187,H,H
188,H,H
189,H,H
190,H,H
191,H,H
192,H,H
193,H,H
194,H,H
195,H,H
196,H,H
197,H,H
198,T,C
199,C,C
200,C,C
201,S,C
202,H,H
203,H,H
204,H,H
205,H,H
206,H,H
207,H,H
208,H,H
209,H,H
210,H,H
211,H,H
212,H,H
213,H,H
214,H,H
215,H,H
216,T,C
217,S,C
218,S,C
219,C,C
220,C,C
221,S,C
222,S,C
223,T,C
224,T,C
225,C,C
226,C,C
227,H,H
228,H,H
229,H,H
230,H,H
231,H,H
232,H,H
233,T,C
234,T,C
235,H,H
236,H,H
237,H,H
238,H,H
239,H,H
240,H,H
241,H,H
242,H,H
243,H,H
244,H,H
245,H,H
246,C,C
247,C,C
248,C,C
249,H,H
250,H,H
251,H,H
252,H,H
253,H,H
254,H,H
255,H,H
256,H,H
257,H,H
258,H,H
259,H,H
260,H,H
261,H,H
262,H,H
263,T,C
264,T,C
265,S,C
266,H,H
267,H,H
268,H,H
269,H,H
270,H,H
271,H,H
272,H,H
273,H,H
274,H,H
275,T,C
276,T,C
277,H,H
278,H,H
279,H,H
280,H,H
281,H,H
282,H,H
283,H,H
284,H,H
285,H,H
286,C,C
287,C,C
288,C,C
289,C,C
290,C,C
291,S,C
292,S,C
293,S,C
294,C,C
295,T,C
296,H,H
297,H,H
298,H,H
299,H,H
300,H,H
301,H,H
302,H,H
303,H,H
304,H,H
305,H,H
306,H,H
307,H,H
308,H,H
309,G,H
310,G,H
311,G,H
312,S,C
313,C,C
314,C,C
315,H,H
316,H,H
317,H,H
318,H,H
319,H,H
320,H,H
321,H,H
322,T,C
323,T,C
324,C,C
325,C,C
326,C,C
327,C,C
328,C,C
329,C,C
330,C,C
331,C,C
332,C,C
333,C,C
334,C,C
335,C,C
336,C,C
337,C,C
338,C,C
339,C,C
340,C,C
341,C,C
342,C,C
343,C,C
344,C,C
345,C,C
346,T,C
347,T,C
348,T,C
349,S,C
350,E,E
351,E,E
352,E,E
353,E,E
354,E,E
355,E,E
356,C,C
357,C,C
358,S,C
359,S,C
360,C,C
361,C,C
362,C,C
363,S,C
364,E,E
365,E,E
366,E,E
367,E,E
368,E,E
369,E,E
370,E,E
371,E,E
372,S,C
373,T,C
374,T,C
375,C,C
376,E,E
377,E,E
378,E,E
379,E,E
380,E,E
381,E,E
382,E,E
383,E,E
384,E,E
385,E,E
386,T,C
387,T,C
388,E,E
389,E,E
390,E,E
391,E,E
392,E,E
393,E,E
394,E,E
395,E,E
396,E,E
397,E,E
398,C,C
399,C,C
400,T,C
401,T,C
402,S,C
403,E,E
404,E,E
405,E,E
406,E,E
407,E,E
408,E,E
409,E,E
410,G,H
411,G,H
412,G,H
413,S,C
414,C,C
415,T,C
416,T,C
417,C,C
418,C,C
419,E,E
420,E,E
421,E,E
422,E,E
423,E,E
424,E,E
425,E,E
426,E,E
427,E,E
428,S,C
429,S,C
430,C,C
431,E,E
432,E,E
433,E,E
434,E,E
435,E,E
436,E,E
437,E,E
438,E,E
439,T,C
440,T,C
441,E,E
442,E,E
443,E,E
444,E,E
445,C,C
446,C,C
447,C,C
448,E,E
449,E,E
450,E,E
451,E,E
452,T,C
453,T,C
454,E,E
455,E,E
456,E,E
457,E,E
458,E,E
459,E,E
460,C,C
461,C,C
462,C,C
463,C,C
464,C,C
465,C,C
466,H,H
467,H,H
468,H,H
469,H,H
470,H,H
471,H,H
472,H,H
473,H,H
474,H,H
475,H,H
476,T,C
477,T,C
478,C,C
479,S,C
480,C,C
481,C,C
482,C,C
483,S,C
484,E,E
485,E,E
486,C,C
487,T,C
488,T,C
489,C,C
490,E,E
491,E,E
492,E,E
493,E,E
494,E,E
495,E,E
496,T,C
497,T,C
498,S,C
499,C,C
500,E,E
501,E,E
502,E,E
503,E,E
504,C,C
505,H,H
506,H,H
507,H,H
508,H,H
509,H,H
510,T,C
511,T,C
512,S,C
513,C,C
514,C,C
515,C,C
516,C,C
517,S,C
518,C,C
519,H,H
520,H,H
521,H,H
522,H,H
523,C,C
524,S,C
525,S,C
526,C,C
527,S,C
528,C,C
529,C,C
530,C,C
531,C,C
532,C,C
533,C,C
534,C,C
535,C,C
536,C,C
537,C,C
538,S,C
539,S,C
540,C,C
541,C,C
542,C,C
543,C,C
544,C,C
545,C,C
546,S,C
547,S,C
548,C,C
549,C,C
550,C,C
551,C,C
552,C,C
553,C,C
554,C,C
555,E,E
556,E,E
557,E,E
558,C,C
559,S,C
560,S,C
561,C,C
562,C,C
563,C,C
564,E,E
565,E,E
566,E,E
567,E,E
568,C,C
569,S,C
570,C,C
571,C,C
572,C,C
573,C,C
574,H,H
575,H,H
576,H,H
577,H,H
578,H,H
579,C,C
580,C,C
581,C,C
582,C,C
583,C,C
584,S,C
585,E,E
586,E,E
587,E,E
588,E,E
589,E,E
590,E,E
591,E,E
592,E,E
593,E,E
594,E,E
595,C,C
596,T,C
597,T,C
598,T,C
599,T,C
600,E,E
601,E,E
602,E,E
603,E,E
604,E,E
605,E,E
606,E,E
607,E,E
608,E,E
609,E,E
610,E,E
611,E,E
612,T,C
613,T,C
614,E,E
615,E,E
616,E,E
617,E,E
618,E,E
619,E,E
620,E,E
621,E,E
622,E,E
623,E,E
624,E,E
625,E,E
626,T,C
627,T,C
628,T,C
629,E,E
630,E,E
631,E,E
632,E,E
633,E,E
634,E,E
635,E,E
636,E,E
637,E,E
638,E,E
639,E,E
640,E,E
641,S,C
642,S,C
643,C,C
644,S,C
645,E,E
646,E,E
647,E,E
648,E,E
649,E,E
650,E,E
651,E,E
652,E,E
653,E,E
654,E,E
655,E,E
656,E,E
657,G,H
658,G,H
659,G,H
660,G,H
661,T,C
662,T,C
663,S,C
664,C,C
665,G,H
666,G,H
667,G,H
668,G,H
669,G,H
670,C,C
671,H,H
672,H,H
673,H,H
674,H,H
675,G,H
676,G,H
677,G,H
678,S,C
679,C,C
680,E,E
681,E,E
682,E,E
683,E,E
684,E,E
685,E,E
686,E,E
687,E,E
688,E,E
689,E,E
690,C,C
691,C,C
692,C,C
693,C,C
694,C,C
695,C,C
696,C,C
697,C,C
698,C,C
699,C,C
700,C,C
701,C,C
702,C,C
703,C,C
704,C,C
705,C,C
706,C,C
707,C,C
708,C,C
709,C,C
710,C,C
711,C,C
712,C,C
713,C,C
714,C,C
715,S,C
716,E,E
717,E,E
718,E,E
719,E,E
720,E,E
721,S,C
722,S,C
723,C,C
724,C,C
725,C,C
726,E,E
727,E,E
728,E,E
729,E,E
730,E,E
731,E,E
732,E,E
733,E,E
734,E,E
735,C,C
736,C,C
737,B,E
738,E,E
739,E,E
740,E,E
741,E,E
742,E,E
743,C,C
744,C,C
745,C,C
746,B,E
747,S,C
748,S,C
749,T,C
750,T,C
751,S,C
752,C,C
753,C,C
754,B,E
755,C,C
756,S,C
757,E,E
758,E,E
759,E,E
760,E,E
761,E,E
762,E,E
763,E,E
764,T,C
765,T,C
766,E,E
767,E,E
768,C,C
769,C,C
770,C,C
771,E,E
772,E,E
773,E,E
774,C,C
775,T,C
776,T,C
777,T,C
778,C,C
779,S,C
780,H,H
781,H,H
782,H,H
783,H,H
784,H,H
785,H,H
786,H,H
787,H,H
788,H,H
789,H,H
790,H,H
791,S,C
792,T,C
793,T,C
794,T,C
795,T,C
796,E,E
797,E,E
798,E,E
799,E,E
800,E,E
801,E,E
802,E,E
803,E,E
804,T,C
805,T,C
806,E,E
807,E,E
808,E,E
809,E,E
810,E,E
811,E,E
812,E,E
813,E,E
814,E,E
815,E,E
816,E,E
817,S,C
818,T,C
819,T,C
820,C,C
821,C,C
822,E,E
823,E,E
824,E,E
825,E,E
826,E,E
827,E,E
828,E,E
829,C,C
830,S,C
831,C,C
832,S,C
833,S,C
834,S,C
835,B,E
836,C,C
837,S,C
838,G,H
839,G,H
840,G,H
841,C,C
842,B,E
843,C,C
844,T,C
845,T,C
846,T,C
847,C,C
848,C,C
849,B,E
850,C,C
851,C,C
852,S,C
853,S,C
854,S,C
855,S,C
856,C,C
857,E,E
858,E,E
859,E,E
860,E,E
861,C,C
862,C,C
863,B,E
864,C,C
865,E,E
866,E,E
867,E,E
868,E,E
869,E,E
870,T,C
871,T,C
872,E,E
873,E,E
874,E,E
875,E,E
876,E,E
877,S,C
878,S,C
879,S,C
880,E,E
881,E,E
882,E,E
883,S,C
884,S,C
885,S,C
886,T,C
887,T,C
888,E,E
889,E,E
890,E,E
891,E,E
892,E,E
893,C,C
894,S,C
895,C,C
896,C,C
897,C,C
898,T,C
899,T,C
900,C,C
901,C,C
902,E,E
903,E,E
904,E,E
905,E,E
906,E,E
907,C,C
908,S,C
909,C,C
910,C,C
911,C,C
912,T,C
913,T,C
914,S,C
915,S,C
916,T,C
917,H,H
918,H,H
919,H,H
920,H,H
921,H,H
922,H,H
923,H,H
924,H,H
925,H,H
926,H,H
927,H,H
928,H,H
929,H,H
930,T,C
931,T,C
932,T,C
933,T,C
934,S,C
935,S,C
936,S,C
937,C,C
938,C,C
939,C,C
940,C,C
941,C,C
942,C,C
943,C,C
944,C,C
945,C,C
946,C,C
947,C,C
948,C,C
949,C,C
950,C,C
951,C,C
952,C,C
953,C,C
954,C,C
955,C,C
956,C,C
957,C,C
958,C,C
959,C,C
960,C,C
961,C,C
962,C,C
963,C,C
964,C,C
965,C,C
966,C,C
967,C,C
968,C,C
969,C,C
970,C,C
971,C,C
972,C,C
973,C,C
974,C,C
975,C,C
976,C,C
977,C,C
978,C,C
979,C,C
980,C,C
981,C,C
982,C,C
983,C,C
984,C,C
985,C,C
986,C,C
987,C,C
988,C,C
989,C,C
990,C,C
991,C,C
992,C,C
993,C,C
994,C,C
995,C,C
996,C,C
997,C,C
998,C,C
999,C,C
1000,C,C
1001,C,C
1002,C,C
1003,C,C
1004,C,C
1005,C,C
1006,C,C
1007,C,C
1008,C,C
1009,C,C
1010,C,C
1011,C,C
1012,C,C
1013,C,C
1014,C,C
1015,C,C
1016,C,C
1017,C,C
1018,C,C
1019,C,C
1020,C,C
1021,C,C
1022,C,C
1023,C,C
1024,C,C
1025,C,C
1026,C,C
1027,C,C
1028,C,C
1029,C,C
1030,C,C
1031,C,C
1032,C,C
1033,C,C
1034,C,C
1035,C,C
1036,C,C
1037,C,C
1038,C,C
1039,C,C
1040,C,C
1041,C,C
1042,C,C
1043,C,C
1044,C,C
1045,C,C
1046,C,C
1047,C,C
1048,E,E
1049,E,E
1050,C,C
1051,T,C
1052,T,C
1053,S,C
1054,C,C
1055,H,H
1056,H,H
1057,H,H
1058,H,H
1059,H,H
1060,H,H
1061,H,H
1062,C,C
1063,S,C
1064,E,E
1065,E,E
1066,E,E
1067,E,E
1068,C,C
1069,T,C
1070,T,C
1071,C,C
1072,E,E
1073,E,E
1074,E,E
1075,C,C
1076,S,C
1077,S,C
1078,E,E
1079,E,E
1080,E,E
1081,C,C
1082,S,C
1083,C,C
1084,C,C
1085,E,E
1086,E,E
1087,E,E
1088,C,C
1089,T,C
1090,T,C
1091,C,C
1092,E,E
1093,E,E
1094,E,E
1095,C,C
1096,C,C
1097,S,C
1098,S,C
1099,C,C
1100,C,C
1101,S,C
1102,E,E
1103,E,E
1104,E,E
1105,E,E
1106,C,C
1107,C,C
1108,T,C
1109,T,C
1110,C,C
1111,S,C
1112,S,C
1113,C,C
1114,E,E
1115,E,E
1116,E,E
1117,E,E
1118,S,C
1119,C,C
1120,E,E
1121,E,E
1122,E,E
1123,C,C
1124,S,C
1125,S,C
1126,S,C
1127,C,C
1128,C,C
1129,T,C
1130,T,C
1131,S,C
1132,C,C
1133,C,C
1134,C,C
1135,T,C
1136,T,C
1137,G,H
1138,G,H
1139,G,H
1140,C,C
1141,C,C
1142,S,C
1143,E,E
1144,E,E
1145,E,E
1146,E,E
1147,S,C
1148,C,C
1149,C,C
1150,E,E
1151,E,E
1152,E,E
1153,E,E
1154,S,C
1155,C,C
1156,E,E
1157,E,E
1158,E,E
1159,C,C
1160,C,C
1161,S,C
1162,S,C
1163,E,E
1164,E,E
1165,E,E
1166,E,E
1167,E,E
1168,E,E
1169,C,C
1170,S,C
1171,S,C
1172,C,C
1173,C,C
1174,C,C
1175,C,C
1176,C,C
1177,C,C
1178,C,C
1179,C,C
1180,C,C
1181,C,C
1182,C,C
1183,E,E
1184,E,E
1185,E,E
1186,E,E
1187,S,C
1188,C,C
1189,E,E
1190,E,E
1191,E,E
1192,S,C
1193,C,C
1194,S,C
1195,E,E
1196,E,E
1197,E,E
1198,E,E
1199,E,E
1200,C,C
1201,T,C
1202,T,C
1203,C,C
1204,C,C
1205,S,C
1206,C,C
1207,E,E
1208,E,E
1209,E,E
1210,S,C
1211,C,C
1212,E,E
1213,E,E
1214,E,E
1215,S,C
1216,C,C
1217,S,C
1218,E,E
1219,E,E
1220,E,E
1221,E,E
1222,E,E
1223,C,C
1224,S,C
1225,S,C
1226,C,C
1227,C,C
1228,E,E
1229,E,E
1230,E,E
1231,S,C
1232,C,C
1233,E,E
1234,E,E
1235,E,E
1236,S,C
1237,C,C
1238,S,C
1239,E,E
1240,E,E
1241,E,E
1242,E,E
1243,E,E
1244,E,E
1245,S,C
1246,S,C
1247,C,C
1248,T,C
1249,T,C
1250,C,C
1251,C,C
1252,T,C
1253,T,C
1254,C,C
1255,S,C
1256,C,C
1257,S,C
1258,C,C
1259,B,E
1260,C,C
1261,C,C
1262,E,E
1263,E,E
1264,E,E
1265,S,C
1266,C,C
1267,E,E
1268,E,E
1269,E,E
1270,S,C
1271,S,C
1272,S,C
1273,S,C
1274,S,C
1275,S,C
1276,C,C
1277,C,C
1278,S,C
1279,C,C
1280,S,C
1281,E,E
1282,E,E
1283,E,E
1284,C,C
1285,S,C
1286,S,C
1287,C,C
1288,E,E
1289,E,E
1290,E,E
1291,C,C
1292,C,C
1293,S,C
1294,E,E
1295,E,E
1296,E,E
1297,E,E
1298,C,C
1299,T,C
1300,T,C
1301,C,C
1302,B,E
1303,C,C
1304,C,C
1305,E,E
1306,E,E
1307,E,E
1308,S,C
1309,C,C
1310,E,E
1311,E,E
1312,E,E
1313,S,C
1314,C,C
1315,C,C
1316,E,E
1317,E,E
1318,E,E
1319,E,E
1320,E,E
1321,C,C
1322,C,C
1323,S,C
1324,S,C
1325,C,C
1326,C,C
1327,E,E
1328,E,E
1329,E,E
1330,E,E
1331,S,C
1332,C,C
1333,E,E
1334,E,E
1335,E,E
1336,C,C
1337,C,C
1338,S,C
1339,S,C
1340,S,C
1341,S,C
1342,S,C
1343,E,E
1344,E,E
1345,E,E
1346,E,E
1347,C,C
1348,G,H
1349,G,H
1350,G,H
1351,G,H
1352,G,H
1353,G,H
1354,E,E
1355,E,E
1356,E,E
1357,E,E
1358,S,C
1359,C,C
1360,E,E
1361,E,E
1362,C,C
1363,T,C
1364,T,C
1365,C,C
1366,E,E
1367,E,E
1368,E,E
1369,S,C
1370,C,C
1371,C,C
1372,G,H
1373,G,H
1374,G,H
1375,E,E
1376,E,E
1377,S,C
1378,C,C
1379,C,C
1380,S,C
1381,E,E
1382,E,E
1383,E,E
1384,C,C
1385,C,C
1386,T,C
1387,T,C
1388,C,C
1389,S,C
1390,C,C
1391,C,C
1392,C,C
1393,T,C
1394,T,C
1395,S,C
1396,C,C
1397,C,C
1398,C,C
1399,S,C
1400,S,C
1401,S,C
1402,E,E
1403,E,E
1404,E,E
1405,E,E
1406,E,E
1407,T,C
1408,T,C
1409,T,C
1410,E,E
1411,E,E
1412,E,E
1413,E,E
1414,C,C
1415,C,C
1416,B,E
1417,H,H
1418,H,H
1419,H,H
1420,H,H
1421,H,H
1422,H,H
1423,H,H
1424,H,H
1425,H,H
1426,H,H
1427,T,C
1428,T,C
1429,C,C
1430,E,E
1431,E,E
1432,E,E
1433,E,E
1434,E,E
1435,E,E
1436,E,E
1437,C,C
1438,S,C
1439,S,C
1440,T,C
1441,T,C
1442,E,E
1443,E,E
1444,E,E
1445,E,E
1446,E,E
1447,E,E
1448,E,E
1449,E,E
1450,E,E
1451,E,E
1452,E,E
1453,C,C
1454,T,C
1455,T,C
1456,S,C
1457,C,C
1458,E,E
1459,E,E
1460,E,E
1461,E,E
1462,E,E
1463,E,E
1464,S,C
1465,B,E
1466,T,C
1467,T,C
1468,B,E
1469,C,C
1470,E,E
1471,E,E
1472,E,E
1473,E,E
1474,E,E
1475,E,E
1476,C,C
1477,T,C
1478,T,C
1479,T,C
1480,S,C
1481,C,C
1482,H,H
1483,H,H
1484,H,H
1485,H,H
1486,H,H
1487,H,H
1488,H,H
1489,H,H
1490,H,H
1491,H,H
1492,H,H
1493,H,H
1494,H,H
1495,H,H
1496,H,H
1497,H,H
1498,H,H
1499,H,H
1500,H,H
1501,H,H
1502,H,H
1503,H,H
1504,T,C
1505,C,C
1506,S,C
1507,E,E
1508,E,E
1509,E,E
1510,E,E
1511,E,E
1512,E,E
1513,T,C
1514,T,C
1515,E,E
1516,E,E
1517,E,E
1518,E,E
1519,E,E
1520,E,E
1521,E,E
1522,E,E
1523,T,C
1524,T,C
1525,T,C
1526,T,C
1527,E,E
1528,E,E
1529,E,E
1530,E,E
1531,E,E
1532,E,E
1533,E,E
1534,C,C
1535,C,C
1536,C,C
1537,C,C
1538,C,C
1539,S,C
1540,S,C
1541,C,C
1542,S,C
1543,S,C
1544,C,C
1545,C,C
1546,C,C
1547,C,C
1548,T,C
1549,T,C
1550,H,H
1551,H,H
1552,H,H
1553,H,H
1554,H,H
1555,H,H
1556,H,H
1557,H,H
1558,H,H
1559,H,H
1560,H,H
1561,H,H
1562,H,H
1563,T,C
1564,T,C
1565,C,C
1566,H,H
1567,H,H
1568,H,H
1569,H,H
1570,H,H
1571,H,H
1572,H,H
1573,H,H
1574,H,H
1575,T,C
1576,T,C
1577,C,C
1578,C,C
1579,E,E
1580,E,E
1581,E,E
1582,T,C
1583,T,C
1584,E,E
1585,E,E
1586,E,E
1587,E,E
1588,C,C
1589,C,C
1590,C,C
1591,T,C
1592,T,C
1593,C,C
1594,S,C
1595,C,C
1596,G,H
1597,G,H
1598,G,H
1599,C,C
1600,C,C
1601,S,C
1602,S,C
1603,E,E
1604,E,E
1605,E,E
1606,E,E
1607,E,E
1608,S,C
1609,S,C
1610,S,C
1611,C,C
1612,C,C
1613,G,H
1614,G,H
1615,G,H
1616,E,E
1617,E,E
1618,E,E
1619,E,E
1620,C,C
1621,H,H
1622,H,H
1623,H,H
1624,H,H
1625,H,H
1626,H,H
1627,H,H
1628,H,H
1629,H,H
1630,H,H
1631,H,H
1632,H,H
1633,H,H
1634,H,H
1635,H,H
1636,H,H
1637,H,H
1638,H,H
1639,C,C
1640,G,H
1641,G,H
1642,G,H
1643,H,H
1644,H,H
1645,H,H
1646,H,H
1647,H,H
1648,H,H
1649,H,H
1650,H,H
1651,T,C
1652,T,C
1653,C,C
1654,C,C
1655,C,C
1656,C,C
1657,C,C
1658,C,C
1659,C,C
1660,C,C
1661,C,C
1662,C,C
1663,C,C
1664,C,C
1665,C,C
1666,C,C
1667,C,C
1668,C,C
1669,C,C
1670,C,C
1671,C,C
1672,C,C
1673,C,C
1674,C,C
1675,C,C
1676,C,C
1677,C,C
1678,C,C
1679,C,C
1680,C,C
1681,C,C
1682,C,C
1683,C,C
1684,C,C
1685,C,C
1686,C,C
1687,C,C
1688,C,C
1689,C,C
1690,C,C
1691,C,C
1692,C,C
1693,C,C
1694,C,C
1695,C,C
1696,C,C
1697,C,C
1698,C,C
1699,C,C
1700,C,C
1701,C,C
1702,C,C
1703,C,C
1704,C,C
1705,C,C
1706,C,C
1707,C,C
1708,C,C
1709,C,C
1710,H,H
1711,H,H
1712,H,H
1713,H,H
1714,H,H
1715,H,H
1716,H,H
1717,H,H
1718,H,H
1719,H,H
1720,H,H
1721,H,H
1722,H,H
1723,H,H
1724,C,C
1725,S,C
1726,C,C
1727,E,E
1728,E,E
1729,E,E
1730,C,C
1731,C,C
1732,T,C
1733,T,C
1734,C,C
1735,S,C
1736,S,C
1737,S,C
1738,E,E
1739,E,E
1740,E,E
1741,C,C
1742,S,C
1743,S,C
1744,T,C
1745,T,C
1746,T,C
1747,T,C
1748,C,C
1749,E,E
1750,E,E
1751,C,C
1752,C,C
1753,B,E
1754,S,C
1755,C,C
1756,C,C
1757,S,C
1758,S,C
1759,H,H
1760,H,H
1761,H,H
1762,H,H
1763,H,H
1764,H,H
1765,H,H
1766,H,H
1767,H,H
1768,H,H
1769,H,H
1770,H,H
1771,H,H
1772,H,H
1773,H,H
1774,H,H
1775,H,H
1776,H,H
1777,H,H
1778,H,H
1779,H,H
1780,H,H
1781,H,H
1782,H,H
1783,H,H
1784,H,H
1785,H,H
1786,H,H
1787,S,C
1788,S,C
1789,B,E
1790,E,E
1791,E,E
1792,E,E
1793,C,C
1794,G,H
1795,G,H
1796,G,H
1797,S,C
1798,C,C
1799,H,H
1800,H,H
1801,H,H
1802,H,H
1803,H,H
1804,H,H
1805,H,H
1806,H,H
1807,H,H
1808,H,H
1809,H,H
1810,T,C
1811,T,C
1812,S,C
1813,C,C
1814,H,H
1815,H,H
1816,H,H
1817,H,H
1818,T,C
1819,T,C
1820,E,E
1821,E,E
1822,E,E
1823,C,C
1824,C,C
1825,C,C
1826,C,C
1827,C,C
1828,E,E
1829,E,E
1830,E,E
1831,E,E
1832,E,E
1833,E,E
1834,T,C
1835,T,C
1836,E,E
1837,E,E
1838,E,E
1839,E,E
1840,E,E
1841,C,C
1842,H,H
1843,H,H
1844,H,H
1845,H,H
1846,H,H
1847,H,H
1848,H,H
1849,H,H
1850,H,H
1851,H,H
1852,H,H
1853,H,H
1854,T,C
1855,T,C
1856,C,C
1857,C,C
1858,G,H
1859,G,H
1860,G,H
1861,H,H
1862,H,H
1863,H,H
1864,H,H
1865,H,H
1866,H,H
1867,H,H
1868,H,H
1869,H,H
1870,H,H
1871,H,H
1872,H,H
1873,T,C
1874,T,C
1875,C,C
1876,C,C
1877,S,C
1878,E,E
1879,E,E
1880,E,E
1881,C,C
1882,T,C
1883,T,C
1884,C,C
1885,C,C
1886,H,H
1887,H,H
1888,H,H
1889,H,H
1890,H,H
1891,H,H
1892,H,H
1893,H,H
1894,H,H
1895,H,H
1896,H,H
1897,H,H
1898,H,H
1899,H,H
1900,H,H
1901,H,H
1902,H,H
1903,H,H
1904,H,H
1905,T,C
1906,S,C
1907,T,C
1908,T,C
1909,H,H
1910,H,H
1911,H,H
1912,H,H
1913,H,H
1914,H,H
1915,H,H
1916,H,H
1917,H,H
1918,H,H
1919,H,H
1920,H,H
1921,H,H
1922,H,H
1923,H,H
1924,H,H
1925,T,C
1926,C,C
1927,G,H
1928,G,H
1929,G,H
1930,C,C
1931,C,C
1932,C,C
1933,C,C
1934,C,C
1935,C,C
1936,C,C
1937,C,C
1938,C,C
1939,C,C
1940,C,C
1941,C,C
1942,C,C
1943,C,C
1944,C,C
1945,C,C
1946,C,C
1947,C,C
1948,C,C
1949,C,C
1950,C,C
1951,C,C
1952,C,C
1953,C,C
1954,C,C
1955,C,C
1956,C,C
1957,C,C
1958,C,C
1959,C,C
1960,C,C
1961,C,C
1962,C,C
1963,C,C
1964,C,C
1965,C,C
1966,C,C
1967,C,C
1968,C,C
1969,C,C
1970,C,C
1971,C,C
1972,C,C
1973,C,C
1974,C,C
1975,C,C
1976,C,C
1977,C,C
1978,C,C
1979,C,C
1980,C,C
1981,C,C
1982,C,C
1983,C,C
1984,C,C
1985,C,C
1986,C,C
1987,C,C
1988,C,C
1989,C,C
1990,C,C
1991,C,C
1992,C,C
1993,C,C
1994,C,C
1995,C,C
1996,C,C
1997,C,C
1998,C,C
1999,C,C
2000,C,C
2001,C,C
2002,C,C
2003,C,C
2004,C,C
2005,C,C
2006,C,C
2007,C,C
2008,C,C
2009,C,C
2010,C,C
2011,C,C
2012,C,C
2013,C,C
2014,C,C
2015,C,C
2016,C,C
2017,C,C
2018,C,C
2019,C,C
2020,C,C
2021,C,C
2022,C,C
2023,C,C
2024,C,C
2025,C,C
2026,C,C
2027,C,C
2028,C,C
2029,C,C
2030,C,C
2031,C,C
2032,C,C
2033,C,C
2034,C,C
2035,C,C
2036,C,C
2037,C,C
2038,C,C
2039,C,C
2040,C,C
2041,C,C
2042,C,C
2043,C,C
2044,C,C
2045,C,C
2046,C,C
2047,C,C
2048,C,C
2049,C,C
2050,C,C
2051,C,C
2052,C,C
2053,C,C
2054,C,C
2055,C,C
2056,C,C
2057,C,C
2058,C,C
2059,C,C
2060,C,C
2061,C,C
2062,C,C
2063,C,C
2064,C,C
2065,C,C
2066,C,C
2067,C,C
2068,C,C
2069,C,C
2070,C,C
2071,C,C
2072,C,C
2073,C,C
2074,C,C
2075,C,C
2076,C,C
2077,C,C
2078,C,C
2079,C,C
2080,S,C
2081,S,C
2082,H,H
2083,H,H
2084,H,H
2085,H,H
2086,H,H
2087,H,H
2088,H,H
2089,H,H
2090,H,H
2091,H,H
2092,H,H
2093,T,C
2094,T,C
2095,S,C
2096,C,C
2097,C,C
2098,H,H
2099,H,H
2100,H,H
2101,H,H
2102,H,H
2103,H,H
2104,H,H
2105,H,H
2106,H,H
2107,H,H
2108,H,H
2109,T,C
2110,T,C
2111,C,C
2112,C,C
2113,E,E
2114,E,E
2115,C,C
2116,S,C
2117,S,C
2118,S,C
2119,S,C
2120,E,E
2121,E,E
2122,C,C
2123,H,H
2124,H,H
2125,H,H
2126,H,H
2127,H,H
2128,H,H
2129,H,H
2130,H,H
2131,H,H
2132,H,H
2133,H,H
2134,H,H
2135,H,H
2136,H,H
2137,H,H
2138,H,H
2139,H,H
2140,H,H
2141,T,C
2142,T,C
2143,T,C
2144,C,C
2145,C,C
2146,C,C
2147,H,H
2148,H,H
2149,H,H
2150,H,H
2151,H,H
2152,H,H
2153,H,H
2154,H,H
2155,H,H
2156,H,H
2157,H,H
2158,H,H
2159,H,H
2160,H,H
2161,H,H
2162,H,H
2163,H,H
2164,H,H
2165,H,H
2166,H,H
2167,H,H
2168,T,C
2169,T,C
2170,T,C
2171,T,C
2172,C,C
2173,C,C
2174,C,C
2175,B,E
2176,H,H
2177,H,H
2178,H,H
2179,H,H
2180,H,H
2181,C,C
2182,C,C
2183,C,C
2184,S,C
2185,C,C
2186,C,C
2187,C,C
2188,C,C
2189,G,H
2190,G,H
2191,G,H
2192,C,C
2193,C,C
2194,H,H
2195,H,H
2196,H,H
2197,H,H
2198,H,H
2199,H,H
2200,H,H
2201,H,H
2202,H,H
2203,T,C
2204,T,C
2205,S,C
2206,B,E
2207,G,H
2208,G,H
2209,G,H
2210,C,C
2211,C,C
2212,H,H
2213,H,H
2214,H,H
2215,H,H
2216,H,H
2217,H,H
2218,H,H
2219,H,H
2220,H,H
2221,T,C
2222,T,C
2223,S,C
2224,C,C
2225,H,H
2226,H,H
2227,H,H
2228,H,H
2229,H,H
2230,H,H
2231,H,H
2232,H,H
2233,H,H
2234,H,H
2235,H,H
2236,H,H
2237,H,H
2238,H,H
2239,C,C
2240,T,C
2241,T,C
2242,C,C
2243,C,C
2244,S,C
2245,S,C
2246,S,C
2247,T,C
2248,T,C
2249,H,H
2250,H,H
2251,H,H
2252,H,H
2253,H,H
2254,H,H
2255,T,C
2256,T,C
2257,C,C
2258,C,C
2259,G,H
2260,G,H
2261,G,H
2262,C,C
2263,S,C
2264,S,C
2265,C,C
2266,H,H
2267,H,H
2268,H,H
2269,H,H
2270,H,H
2271,H,H
2272,H,H
2273,H,H
2274,H,H
2275,H,H
2276,H,H
2277,T,C
2278,S,C
2279,C,C
2280,S,C
2281,C,C
2282,C,C
2283,S,C
2284,T,C
2285,H,H
2286,H,H
2287,H,H
2288,H,H
2289,H,H
2290,H,H
2291,H,H
2292,H,H
2293,H,H
2294,T,C
2295,C,C
2296,C,C
2297,C,C
2298,C,C
2299,C,C
2300,C,C
2301,C,C
2302,C,C
2303,C,C
2304,C,C
2305,C,C
2306,C,C
2307,C,C
2308,C,C
2309,C,C
2310,C,C
2311,C,C
2312,C,C
2313,C,C
2314,C,C
2315,C,C
2316,C,C
2317,E,E
2318,E,E
2319,S,C
2320,S,C
2321,C,C
2322,C,C
2323,S,C
2324,S,C
2325,S,C
2326,C,C
2327,E,E
2328,E,E
2329,E,E
2330,C,C
2331,S,C
2332,S,C
2333,S,C
2334,S,C
2335,C,C
2336,C,C
2337,E,E
2338,E,E
2339,E,E
2340,E,E
2341,E,E
2342,C,C
2343,C,C
2344,C,C
2345,C,C
2346,C,C
2347,C,C
2348,C,C
2349,S,C
2350,C,C
2351,C,C
2352,S,C
2353,S,C
2354,C,C
2355,C,C
2356,E,E
2357,E,E
2358,E,E
2359,E,E
2360,E,E
2361,E,E
2362,E,E
2363,E,E
2364,E,E
2365,E,E
2366,E,E
2367,E,E
2368,E,E
2369,C,C
2370,S,C
2371,S,C
2372,C,C
2373,C,C
2374,C,C
2375,C,C
2376,C,C
2377,S,C
2378,S,C
2379,S,C
2380,C,C
2381,C,C
2382,C,C
2383,C,C
2384,E,E
2385,E,E
2386,E,E
2387,E,E
2388,E,E
2389,E,E
2390,E,E
2391,E,E
2392,E,E
2393,E,E
2394,E,E
2395,E,E
2396,E,E
2397,T,C
2398,T,C
2399,H,H
2400,H,H
2401,H,H
2402,H,H
2403,H,H
2404,H,H
2405,H,H
2406,H,H
2407,H,H
2408,H,H
2409,H,H
2410,H,H
2411,H,H
2412,H,H
2413,H,H
2414,H,H
2415,H,H
2416,H,H
2417,H,H
2418,H,H
2419,H,H
2420,H,H
2421,S,C
2422,B,E
2423,G,H
2424,G,H
2425,G,H
2426,T,C
2427,B,E
2428,C,C
2429,C,C
2430,T,C
2431,T,C
2432,C,C
2433,C,C
2434,C,C
2435,C,C
2436,C,C
2437,C,C
2438,C,C
2439,S,C
2440,C,C
2441,C,C
2442,C,C
2443,C,C
2444,C,C
2445,C,C
2446,C,C
2447,C,C
2448,C,C
2449,C,C
2450,C,C
2451,C,C
2452,C,C
2453,C,C
2454,T,C
2455,G,H
2456,G,H
2457,G,H
2458,T,C
2459,C,C
2460,C,C
2461,C,C
2462,C,C
2463,S,C
2464,C,C
2465,C,C
2466,S,C
2467,C,C
2468,C,C
2469,C,C
2470,C,C
2471,C,C
2472,B,E
2473,S,C
2474,S,C
2475,S,C
2476,S,C
2477,G,H
2478,G,H
2479,G,H
2480,E,E
2481,E,E
2482,E,E
2483,E,E
2484,E,E
2485,E,E
2486,C,C
2487,T,C
2488,T,C
2489,S,C
2490,C,C
2491,B,E
2492,C,C
2493,C,C
2494,C,C
2495,C,C
2496,C,C
2497,C,C
2498,C,C
2499,C,C
2500,C,C
2501,C,C
2502,C,C
2503,C,C
2504,C,C
2505,C,C
2506,C,C
2507,C,C
2508,C,C
2509,H,H
2510,H,H
2511,H,H
2512,H,H
2513,H,H
2514,H,H
2515,H,H
2516,H,H
2517,H,H
2518,H,H
2519,H,H
2520,H,H
2521,C,C
2522,C,C
2523,C,C
2524,C,C
2525,C,C
2526,C,C
2527,C,C
2528,C,C
2529,C,C
2530,C,C
2531,C,C
2532,C,C
2533,C,C
2534,C,C
2535,E,E
2536,E,E
2537,E,E
2538,E,E
2539,C,C
2540,S,C
2541,S,C
2542,C,C
2543,C,C
2544,H,H
2545,H,H
2546,H,H
2547,H,H
2548,H,H
2549,H,H
2550,H,H
2551,H,H
2552,H,H
2553,H,H
2554,H,H
2555,H,H
2556,H,H
2557,S,C
2558,C,C
2559,S,C
2560,S,C
2561,C,C
2562,E,E
2563,E,E
2564,E,E
2565,E,E
2566,E,E
2567,E,E
2568,E,E
2569,T,C
2570,T,C
2571,E,E
2572,E,E
2573,E,E
2574,E,E
2575,E,E
2576,E,E
2577,E,E
2578,C,C
2579,C,C
2580,C,C
2581,C,C
2582,C,C
2583,C,C
2584,C,C
2585,C,C
2586,C,C
2587,C,C
2588,C,C
2589,C,C
2590,C,C
2591,C,C
2592,C,C
2593,C,C
2594,C,C
2595,T,C
2596,T,C
2597,S,C
2598,C,C
2599,S,C
2600,E,E
2601,E,E
2602,E,E
2603,E,E
2604,E,E
2605,E,E
2606,E,E
2607,E,E
2608,E,E
2609,S,C
2610,C,C
2611,C,C
2612,H,H
2613,H,H
2614,H,H
2615,H,H
2616,H,H
2617,H,H
2618,H,H
2619,H,H
2620,H,H
2621,H,H
2622,H,H
2623,H,H
2624,T,C
2625,C,C
2626,C,C
2627,G,H
2628,G,H
2629,G,H
2630,E,E
2631,E,E
2632,E,E
2633,S,C
2634,C,C
2635,C,C
2636,C,C
2637,C,C
2638,S,C
2639,S,C
2640,S,C
2641,E,E
2642,E,E
2643,E,E
2644,E,E
2645,E,E
2646,E,E
2647,E,E
2648,E,E
2649,E,E
2650,T,C
2651,C,C
2652,C,C
2653,H,H
2654,H,H
2655,H,H
2656,H,H
2657,H,H
2658,H,H
2659,G,H
2660,G,H
2661,G,H
2662,G,H
2663,C,C
2664,S,C
2665,S,C
2666,E,E
2667,E,E
2668,E,E
2669,E,E
2670,E,E
2671,E,E
2672,E,E
2673,E,E
2674,E,E
2675,S,C
2676,S,C
2677,C,C
2678,C,C
2679,C,C
2680,T,C
2681,T,C
2682,C,C
2683,S,C
2684,C,C
2685,E,E
2686,E,E
2687,E,E
2688,E,E
2689,E,E
2690,E,E
2691,E,E
2692,E,E
2693,B,E
2694,S,C
2695,C,C
2696,C,C
2697,C,C
2698,C,C
2699,H,H
2700,H,H
2701,H,H
2702,H,H
2703,H,H
2704,H,H
2705,H,H
2706,H,H
2707,H,H
2708,H,H
2709,H,H
2710,H,H
2711,H,H
2712,T,C
2713,C,C
2714,E,E
2715,E,E
2716,C,C
2717,C,C
2718,C,C
2719,C,C
2720,G,H
2721,G,H
2722,G,H
2723,G,H
2724,C,C
2725,C,C
2726,C,C
2727,C,C
2728,C,C
2729,C,C
2730,H,H
2731,H,H
2732,H,H
2733,H,H
2734,H,H
2735,H,H
2736,H,H
2737,H,H
2738,H,H
2739,T,C
2740,T,C
2741,C,C
2742,H,H
2743,H,H
2744,H,H
2745,H,H
2746,H,H
2747,H,H
2748,H,H
2749,H,H
2750,H,H
2751,S,C
2752,C,C
2753,C,C
2754,C,C
2755,C,C
2756,C,C
2757,C,C
2758,C,C
2759,H,H
2760,H,H
2761,H,H
2762,H,H
2763,H,H
2764,H,H
2765,H,H
2766,H,H
2767,H,H
2768,H,H
2769,H,H
2770,H,H
2771,H,H
2772,C,C
2773,C,C
2774,H,H
2775,H,H
2776,H,H
2777,H,H
2778,H,H
2779,T,C
2780,T,C
2781,C,C
2782,C,C
2783,C,C
2784,S,C
2785,S,C
2786,S,C
2787,H,H
2788,H,H
2789,H,H
2790,H,H
2791,H,H
2792,H,H
2793,H,H
2794,H,H
2795,H,H
2796,H,H
2797,H,H
2798,H,H
2799,C,C
2800,T,C
2801,T,C
2802,C,C
2803,H,H
2804,H,H
2805,H,H
2806,H,H
2807,H,H
2808,T,C
2809,T,C
2810,S,C
2811,C,C
2812,H,H
2813,H,H
2814,H,H
2815,H,H
2816,H,H
2817,H,H
2818,H,H
2819,H,H
2820,H,H
2821,H,H
2822,H,H
2823,H,H
2824,H,H
2825,H,H
2826,H,H
2827,H,H
2828,H,H
2829,H,H
2830,H,H
2831,H,H
2832,H,H
2833,H,H
2834,H,H
2835,H,H
2836,H,H
2837,H,H
2838,H,H
2839,C,C
2840,S,C
2841,S,C
2842,C,C
2843,C,C
2844,T,C
2845,T,C
2846,C,C
2847,E,E
2848,E,E
2849,E,E
2850,E,E
2851,T,C
2852,T,C
2853,E,E
2854,E,E
2855,E,E
2856,E,E
2857,C,C
2858,C,C
2859,S,C
2860,S,C
2861,S,C
2862,G,H
2863,G,H
2864,G,H
2865,C,C
2866,C,C
2867,G,H
2868,G,H
2869,G,H
2870,E,E
2871,E,E
2872,E,E
2873,E,E
2874,E,E
2875,C,C
2876,S,C
2877,S,C
2878,S,C
2879,C,C
2880,C,C
2881,C,C
2882,C,C
2883,S,C
2884,S,C
2885,T,C
2886,H,H
2887,H,H
2888,H,H
2889,H,H
2890,H,H
2891,H,H
2892,H,H
2893,H,H
2894,H,H
2895,H,H
2896,H,H
2897,T,C
2898,T,C
2899,C,C
2900,C,C
2901,T,C
2902,T,C
2903,C,C
2904,C,C
2905,C,C
2906,C,C
2907,S,C
2908,S,C
2909,G,H
2910,G,H
2911,G,H
2912,C,C
2913,C,C
2914,C,C
2915,C,C
2916,E,E
2917,E,E
2918,E,E
2919,E,E
2920,S,C
2921,E,E
2922,E,E
2923,C,C
2924,C,C
2925,E,E
2926,E,E
2927,E,E
2928,E,E
2929,E,E
2930,E,E
2931,E,E
2932,E,E
2933,E,E
2934,E,E
2935,S,C
2936,C,C
2937,T,C
2938,T,C
2939,S,C
2940,C,C
2941,S,C
2942,S,C
2943,C,C
2944,C,C
2945,H,H
2946,H,H
2947,H,H
2948,H,H
2949,H,H
2950,H,H
2951,T,C
2952,C,C
2953,C,C
2954,C,C
2955,C,C
2956,C,C
2957,C,C
2958,C,C
2959,S,C
2960,C,C
2961,C,C
2962,S,C
2963,E,E
2964,E,E
2965,E,E
2966,E,E
2967,E,E
2968,E,E
2969,E,E
2970,E,E
2971,E,E
2972,E,E
2973,C,C
2974,T,C
2975,T,C
2976,C,C
2977,C,C
2978,H,H
2979,H,H
2980,H,H
2981,H,H
2982,H,H
2983,H,H
2984,H,H
2985,H,H
2986,H,H
2987,C,C
2988,C,C
2989,C,C
2990,C,C
2991,C,C
2992,C,C
2993,C,C
2994,C,C
2995,C,C
2996,C,C
2997,C,C
2998,C,C
2999,C,C
3000,C,C
3001,C,C
3002,C,C
3003,C,C
3004,C,C
3005,C,C
3006,C,C
3007,C,C
3008,C,C
3009,C,C
3010,C,C
3011,C,C
3012,C,C
3013,C,C
3014,H,H
3015,H,H
3016,H,H
3017,H,H
3018,H,H
3019,H,H
3020,H,H
3021,H,H
3022,H,H
3023,H,H
3024,H,H
3025,H,H
3026,H,H
3027,H,H
3028,H,H
3029,H,H
3030,H,H
3031,H,H
3032,H,H
3033,H,H
3034,H,H
3035,H,H
3036,H,H
3037,T,C
3038,H,H
3039,H,H
3040,H,H
3041,H,H
3042,H,H
3043,H,H
3044,T,C
3045,T,C
3046,C,C
3047,E,E
3048,E,E
3049,C,C
3050,C,C
3051,T,C
3052,T,C
3053,S,C
3054,S,C
3055,C,C
3056,C,C
3057,C,C
3058,C,C
3059,E,E
3060,E,E
3061,C,C
3062,C,C
3063,T,C
3064,H,H
3065,H,H
3066,H,H
3067,H,H
3068,H,H
3069,H,H
3070,H,H
3071,H,H
3072,H,H
3073,H,H
3074,H,H
3075,H,H
3076,H,H
3077,H,H
3078,H,H
3079,T,C
3080,H,H
3081,H,H
3082,H,H
3083,H,H
3084,C,C
3085,C,C
3086,C,C
3087,C,C
3088,C,C
3089,C,C
3090,C,C
3091,C,C
3092,C,C
3093,C,C
3094,C,C
3095,C,C
3096,C,C
3097,H,H
3098,H,H
3099,H,H
3100,H,H
3101,H,H
3102,H,H
3103,H,H
3104,H,H
3105,H,H
3106,H,H
3107,H,H
3108,H,H
3109,H,H
3110,H,H
3111,H,H
3112,H,H
3113,H,H
3114,H,H
3115,H,H
3116,H,H
3117,H,H
3118,H,H
3119,H,H
3120,H,H
3121,H,H
3122,H,H
3123,H,H
3124,C,C
3125,C,C
3126,C,C
3127,H,H
3128,H,H
3129,H,H
3130,H,H
3131,H,H
3132,H,H
3133,H,H
3134,H,H
3135,H,H
3136,H,H
3137,H,H
3138,T,C
3139,H,H
3140,H,H
3141,H,H
3142,H,H
3143,H,H
3144,H,H
3145,H,H
3146,H,H
3147,H,H
3148,T,C
3149,T,C
3150,C,C
3151,C,C
3152,C,C
3153,E,E
3154,E,E
3155,C,C
3156,C,C
3157,C,C
3158,C,C
3159,C,C
3160,C,C
3161,C,C
3162,C,C
3163,C,C
3164,C,C
3165,C,C
3166,C,C
3167,C,C
3168,E,E
3169,E,E
3170,C,C
3171,T,C
3172,H,H
3173,H,H
3174,H,H
3175,H,H
3176,H,H
3177,H,H
3178,H,H
3179,H,H
3180,H,H
3181,H,H
3182,H,H
3183,H,H
3184,H,H
3185,H,H
3186,H,H
3187,H,H
3188,H,H
3189,H,H
3190,H,H
3191,H,H
3192,S,C
3193,C,C
3194,S,C
3195,S,C
3196,T,C
3197,T,C
3198,H,H
3199,H,H
3200,H,H
3201,H,H
3202,H,H
3203,H,H
3204,H,H
3205,H,H
3206,H,H
3207,H,H
3208,H,H
3209,H,H
3210,H,H
3211,H,H
3212,H,H
3213,H,H
3214,H,H
3215,H,H
3216,H,H
3217,T,C
3218,T,C
3219,S,C
3220,S,C
3221,S,C
3222,C,C
3223,S,C
3224,H,H
3225,H,H
3226,H,H
3227,H,H
3228,H,H
3229,H,H
3230,H,H
3231,H,H
3232,H,H
3233,H,H
3234,H,H
3235,H,H
3236,H,H
3237,H,H
3238,H,H
3239,H,H
3240,H,H
3241,H,H
3242,H,H
3243,H,H
3244,H,H
3245,H,H
3246,H,H
3247,H,H
3248,S,C
3249,S,C
3250,S,C
3251,C,C
3252,S,C
3253,S,C
3254,C,C
3255,C,C
3256,H,H
3257,H,H
3258,H,H
3259,H,H
3260,H,H
3261,H,H
3262,H,H
3263,H,H
3264,H,H
3265,H,H
3266,H,H
3267,H,H
3268,H,H
3269,H,H
3270,H,H
3271,H,H
3272,H,H
3273,H,H
3274,T,C
3275,T,C
3276,C,C
3277,H,H
3278,H,H
3279,H,H
3280,H,H
3281,H,H
3282,T,C
3283,T,C
3284,T,C
3285,H,H
3286,H,H
3287,H,H
3288,H,H
3289,H,H
3290,H,H
3291,H,H
3292,H,H
3293,H,H
3294,H,H
3295,H,H
3296,H,H
3297,H,H
3298,H,H
3299,T,C
3300,T,C
3301,S,C
3302,S,C
3303,C,C
3304,C,C
3305,C,C
3306,S,C
3307,C,C
3308,C,C
3309,S,C
3310,C,C
3311,E,E
3312,E,E
3313,C,C
3314,T,C
3315,T,C
3316,T,C
3317,C,C
3318,S,C
3319,E,E
3320,E,E
3321,C,C
3322,C,C
3323,E,E
3324,E,E
3325,E,E
3326,E,E
3327,E,E
3328,T,C
3329,T,C
3330,T,C
3331,S,C
3332,C,C
3333,H,H
3334,H,H
3335,H,H
3336,H,H
3337,H,H
3338,H,H
3339,H,H
3340,H,H
3341,H,H
3342,H,H
3343,H,H
3344,H,H
3345,T,C
3346,T,C
3347,C,C
3348,C,C
3349,C,C
3350,E,E
3351,E,E
3352,E,E
3353,E,E
3354,E,E
3355,C,C
3356,S,C
3357,S,C
3358,C,C
3359,E,E
3360,E,E
3361,E,E
3362,E,E
3363,E,E
3364,E,E
3365,C,C
3366,C,C
3367,S,C
3368,H,H
3369,H,H
3370,H,H
3371,H,H
3372,H,H
3373,H,H
3374,H,H
3375,H,H
3376,H,H
3377,C,C
3378,S,C
3379,B,E
3380,C,C
3381,H,H
3382,H,H
3383,H,H
3384,H,H
3385,H,H
3386,H,H
3387,H,H
3388,H,H
3389,H,H
3390,H,H
3391,H,H
3392,H,H
3393,H,H
3394,H,H
3395,H,H
3396,H,H
3397,H,H
3398,H,H
3399,H,H
3400,H,H
3401,H,H
3402,H,H
3403,H,H
3404,H,H
3405,T,C
3406,C,C
3407,C,C
3408,C,C
3409,C,C
3410,C,C
3411,C,C
3412,C,C
3413,C,C
3414,C,C
3415,C,C
3416,C,C
3417,C,C
3418,C,C
3419,C,C
3420,C,C
3421,C,C
3422,C,C
3423,C,C
3424,C,C
3425,C,C
3426,C,C
3427,C,C
3428,C,C
3429,C,C
3430,C,C
3431,C,C
3432,C,C
3433,C,C
3434,C,C
3435,C,C
3436,C,C
3437,C,C
3438,E,E
3439,E,E
3440,E,E
3441,E,E
3442,E,E
3443,C,C
3444,T,C
3445,T,C
3446,C,C
3447,C,C
3448,T,C
3449,T,C
3450,S,C
3451,C,C
3452,C,C
3453,S,C
3454,S,C
3455,S,C
3456,S,C
3457,C,C
3458,B,E
3459,S,C
3460,C,C
3461,H,H
3462,H,H
3463,H,H
3464,H,H
3465,H,H
3466,H,H
3467,H,H
3468,H,H
3469,H,H
3470,H,H
3471,H,H
3472,H,H
3473,H,H
3474,T,C
3475,T,C
3476,C,C
3477,G,H
3478,G,H
3479,G,H
3480,T,C
3481,T,C
3482,C,C
3483,E,E
3484,E,E
3485,E,E
3486,E,E
3487,E,E
3488,C,C
3489,S,C
3490,E,E
3491,E,E
3492,E,E
3493,E,E
3494,C,C
3495,S,C
3496,S,C
3497,C,C
3498,E,E
3499,E,E
3500,E,E
3501,C,C
3502,G,H
3503,G,H
3504,G,H
3505,C,C
3506,C,C
3507,C,C
3508,S,C
3509,S,C
3510,S,C
3511,C,C
3512,E,E
3513,E,E
3514,E,E
3515,E,E
3516,E,E
3517,S,C
3518,T,C
3519,T,C
3520,C,C
3521,C,C
3522,E,E
3523,E,E
3524,E,E
3525,E,E
3526,C,C
3527,E,E
3528,E,E
3529,E,E
3530,E,E
3531,C,C
3532,C,C
3533,C,C
3534,E,E
3535,E,E
3536,E,E
3537,T,C
3538,T,C
3539,E,E
3540,E,E
3541,E,E
3542,E,E
3543,E,E
3544,C,C
3545,C,C
3546,C,C
3547,B,E
3548,T,C
3549,T,C
3550,B,E
3551,C,C
3552,C,C
3553,C,C
3554,C,C
3555,S,C
3556,C,C
3557,C,C
3558,E,E
3559,E,E
3560,T,C
3561,T,C
3562,E,E
3563,E,E
3564,C,C
3565,E,E
3566,E,E
3567,C,C
3568,B,E
3569,S,C
3570,C,C
3571,S,C
3572,S,C
3573,G,H
3574,G,H
3575,G,H
3576,C,C
3577,E,E
3578,E,E
3579,C,C
3580,C,C
3581,E,E
3582,E,E
3583,E,E
3584,T,C
3585,T,C
3586,T,C
3587,T,C
3588,E,E
3589,E,E
3590,E,E
3591,E,E
3592,E,E
3593,H,H
3594,H,H
3595,H,H
3596,H,H
3597,G,H
3598,G,H
3599,G,H
3600,B,E
3601,C,C
3602,T,C
3603,T,C
3604,S,C
3605,C,C
3606,B,E
3607,C,C
3608,C,C
3609,T,C
3610,T,C
3611,C,C
3612,E,E
3613,E,E
3614,E,E
3615,E,E
3616,E,E
3617,E,E
3618,T,C
3619,T,C
3620,E,E
3621,E,E
3622,E,E
3623,E,E
3624,E,E
3625,E,E
3626,E,E
3627,E,E
3628,E,E
3629,E,E
3630,E,E
3631,E,E
3632,E,E
3633,T,C
3634,T,C
3635,E,E
3636,E,E
3637,E,E
3638,E,E
3639,E,E
3640,E,E
3641,C,C
3642,T,C
3643,T,C
3644,H,H
3645,H,H
3646,H,H
3647,H,H
3648,H,H
3649,H,H
3650,H,H
3651,C,C
3652,C,C
3653,S,C
3654,S,C
3655,C,C
3656,C,C
3657,C,C
3658,C,C
3659,C,C
3660,S,C
3661,S,C
3662,S,C
3663,C,C
3664,C,C
3665,C,C
3666,E,E
3667,E,E
3668,E,E
3669,E,E
3670,E,E
3671,S,C
3672,C,C
3673,G,H
3674,G,H
3675,G,H
3676,C,C
3677,C,C
3678,S,C
3679,T,C
3680,T,C
3681,E,E
3682,E,E
3683,E,E
3684,E,E
3685,E,E
3686,T,C
3687,T,C
3688,T,C
3689,T,C
3690,E,E
3691,E,E
3692,E,E
3693,E,E
3694,C,C
3695,C,C
3696,C,C
3697,T,C
3698,T,C
3699,C,C
3700,C,C
3701,T,C
3702,T,C
3703,S,C
3704,T,C
3705,T,C
3706,C,C
3707,C,C
3708,E,E
3709,E,E
3710,E,E
3711,E,E
3712,C,C
3713,B,E
3714,S,C
3715,C,C
3716,S,C
3717,E,E
3718,E,E
3719,E,E
3720,E,E
3721,C,C
3722,C,C
3723,S,C
3724,S,C
3725,S,C
3726,C,C
3727,E,E
3728,E,E
3729,E,E
3730,E,E
3731,E,E
3732,E,E
3733,E,E
3734,S,C
3735,E,E
3736,E,E
3737,E,E
3738,E,E
3739,C,C
3740,B,E
3741,C,C
3742,C,C
3743,C,C
3744,H,H
3745,H,H
3746,H,H
3747,H,H
3748,H,H
3749,C,C
3750,B,E
3751,C,C
3752,E,E
3753,E,E
3754,E,E
3755,T,C
3756,T,C
3757,E,E
3758,E,E
3759,E,E
3760,E,E
3761,E,E
3762,E,E
3763,E,E
3764,E,E
3765,E,E
3766,E,E
3767,E,E
3768,E,E
3769,E,E
3770,C,C
3771,C,C
3772,S,C
3773,T,C
3774,T,C
3775,C,C
3776,C,C
3777,C,C
3778,E,E
3779,E,E
3780,E,E
3781,E,E
3782,E,E
3783,E,E
3784,E,E
3785,E,E
3786,C,C
3787,C,C
3788,C,C
3789,E,E
3790,E,E
3791,E,E
3792,E,E
3793,E,E
3794,E,E
3795,E,E
3796,E,E
3797,E,E
3798,E,E
3799,E,E
3800,E,E
3801,E,E
3802,E,E
3803,S,C
3804,C,C
3805,E,E
3806,E,E
3807,E,E
3808,E,E
3809,E,E
3810,S,C
3811,S,C
3812,E,E
3813,E,E
3814,E,E
3815,E,E
3816,E,E
3817,E,E
3818,E,E
3819,E,E
3820,E,E
3821,E,E
3822,C,C
3823,C,C
3824,E,E
3825,E,E
3826,E,E
3827,S,C
3828,C,C
3829,E,E
3830,E,E
3831,E,E
3832,E,E
3833,E,E
3834,S,C
3835,S,C
3836,C,C
3837,S,C
3838,E,E
3839,E,E
3840,E,E
3841,S,C
3842,B,E
3843,S,C
3844,C,C
3845,C,C
3846,T,C
3847,T,C
3848,S,C
3849,C,C
3850,T,C
3851,T,C
3852,S,C
3853,C,C
3854,C,C
3855,C,C
3856,C,C
3857,S,C
3858,S,C
3859,G,H
3860,G,H
3861,G,H
3862,S,C
3863,C,C
3864,B,E
3865,C,C
3866,C,C
3867,E,E
3868,E,E
3869,E,E
3870,S,C
3871,C,C
3872,E,E
3873,E,E
3874,E,E
3875,S,C
3876,C,C
3877,S,C
3878,S,C
3879,S,C
3880,S,C
3881,T,C
3882,T,C
3883,C,C
3884,C,C
3885,S,C
3886,E,E
3887,E,E
3888,E,E
3889,C,C
3890,B,E
3891,C,C
3892,B,E
3893,S,C
3894,C,C
3895,E,E
3896,E,E
3897,E,E
3898,S,C
3899,C,C
3900,E,E
3901,E,E
3902,E,E
3903,S,C
3904,C,C
3905,S,C
3906,S,C
3907,C,C
3908,S,C
3909,E,E
3910,E,E
3911,E,E
3912,E,E
3913,C,C
3914,S,C
3915,S,C
3916,C,C
3917,C,C
3918,S,C
3919,C,C
3920,C,C
3921,S,C
3922,C,C
3923,B,E
3924,C,C
3925,C,C
3926,E,E
3927,E,E
3928,E,E
3929,S,C
3930,C,C
3931,E,E
3932,E,E
3933,E,E
3934,S,C
3935,C,C
3936,C,C
3937,S,C
3938,S,C
3939,C,C
3940,C,C
3941,S,C
3942,B,E
3943,C,C
3944,S,C
3945,E,E
3946,E,E
3947,E,E
3948,E,E
3949,S,C
3950,E,E
3951,E,E
3952,E,E
3953,E,E
3954,E,E
3955,E,E
3956,E,E
3957,E,E
3958,S,C
3959,C,C
3960,E,E
3961,E,E
3962,E,E
3963,C,C
3964,C,C
3965,C,C
3966,C,C
3967,C,C
3968,T,C
3969,T,C
3970,C,C
3971,S,C
3972,C,C
3973,T,C
3974,T,C
3975,C,C
3976,B,E
3977,C,C
3978,S,C
3979,E,E
3980,E,E
3981,E,E
3982,C,C
3983,T,C
3984,T,C
3985,C,C
3986,E,E
3987,E,E
3988,E,E
3989,E,E
3990,E,E
3991,E,E
3992,S,C
3993,C,C
3994,E,E
3995,E,E
3996,S,C
3997,S,C
3998,C,C
3999,C,C
4000,E,E
4001,E,E
4002,E,E
4003,C,C
4004,S,C
4005,C,C
4006,C,C
4007,S,C
4008,C,C
4009,C,C
4010,E,E
4011,E,E
4012,E,E
4013,S,C
4014,C,C
4015,S,C
4016,T,C
4017,T,C
4018,S,C
4019,C,C
4020,H,H
4021,H,H
4022,H,H
4023,H,H
4024,H,H
4025,H,H
4026,S,C
4027,S,C
4028,S,C
4029,C,C
4030,G,H
4031,G,H
4032,G,H
4033,G,H
4034,G,H
4035,G,H
4036,C,C
4037,C,C
4038,C,C
4039,C,C
4040,C,C
4041,C,C
4042,C,C
4043,C,C
4044,C,C
4045,C,C
4046,C,C
4047,E,E
4048,E,E
4049,E,E
4050,E,E
4051,E,E
4052,E,E
4053,E,E
4054,E,E
4055,E,E
4056,E,E
4057,E,E
4058,C,C
4059,C,C
4060,C,C
4061,H,H
4062,H,H
4063,H,H
4064,H,H
4065,H,H
4066,H,H
4067,H,H
4068,H,H
4069,H,H
4070,S,C
4071,S,C
4072,S,C
4073,C,C
4074,H,H
4075,H,H
4076,H,H
4077,H,H
4078,H,H
4079,H,H
4080,H,H
4081,H,H
4082,H,H
4083,H,H
4084,H,H
4085,H,H
4086,T,C
4087,T,C
4088,G,H
4089,G,H
4090,G,H
4091,S,C
4092,C,C
4093,C,C
4094,S,C
4095,H,H
4096,H,H
4097,H,H
4098,H,H
4099,H,H
4100,H,H
4101,H,H
4102,H,H
4103,H,H
4104,H,H
4105,H,H
4106,H,H
4107,H,H
4108,H,H
4109,H,H
4110,T,C
4111,S,C
4112,C,C
4113,C,C
4114,H,H
4115,H,H
4116,H,H
4117,H,H
4118,H,H
4119,H,H
4120,H,H
4121,H,H
4122,H,H
4123,H,H
4124,H,H
4125,H,H
4126,H,H
4127,T,C
4128,T,C
4129,T,C
4130,H,H
4131,H,H
4132,H,H
4133,H,H
4134,H,H
4135,H,H
4136,H,H
4137,H,H
4138,H,H
4139,H,H
4140,I,H
4141,I,H
4142,I,H
4143,I,H
4144,I,H
4145,G,H
4146,G,H
4147,G,H
4148,S,C
4149,C,C
4150,S,C
4151,C,C
4152,C,C
4153,S,C
4154,S,C
4155,C,C
4156,S,C
4157,S,C
4158,E,E
4159,E,E
4160,E,E
4161,E,E
4162,T,C
4163,T,C
4164,E,E
4165,E,E
4166,E,E
4167,S,C
4168,S,C
4169,T,C
4170,T,C
4171,C,C
4172,C,C
4173,C,C
4174,C,C
4175,C,C
4176,C,C
4177,B,E
4178,C,C
4179,C,C
4180,S,C
4181,S,C
4182,C,C
4183,S,C
4184,C,C
4185,S,C
4186,C,C
4187,C,C
4188,T,C
4189,T,C
4190,C,C
4191,C,C
4192,C,C
4193,B,E
4194,S,C
4195,C,C
4196,C,C
4197,S,C
4198,E,E
4199,E,E
4200,E,E
4201,E,E
4202,E,E
4203,E,E
4204,E,E
4205,C,C
4206,C,C
4207,S,C
4208,S,C
4209,T,C
4210,T,C
4211,S,C
4212,H,H
4213,H,H
4214,H,H
4215,H,H
4216,H,H
4217,H,H
4218,H,H
4219,H,H
4220,H,H
4221,H,H
4222,H,H
4223,H,H
4224,H,H
4225,T,C
4226,S,C
4227,E,E
4228,E,E
4229,E,E
4230,E,E
4231,E,E
4232,E,E
4233,E,E
4234,C,C
4235,C,C
4236,C,C
4237,T,C
4238,T,C
4239,S,C
4240,C,C
4241,C,C
4242,C,C
4243,E,E
4244,E,E
4245,E,E
4246,C,C
4247,C,C
4248,S,C
4249,E,E
4250,E,E
4251,E,E
4252,E,E
4253,E,E
4254,E,E
4255,E,E
4256,S,C
4257,C,C
4258,C,C
4259,C,C
4260,C,C
4261,C,C
4262,C,C
4263,C,C
4264,C,C
4265,C,C
4266,C,C
4267,C,C
4268,C,C
4269,C,C
4270,C,C
4271,C,C
4272,C,C
4273,C,C
4274,C,C
4275,C,C
4276,C,C
4277,C,C
4278,C,C
4279,C,C
4280,C,C
4281,C,C
4282,C,C
4283,C,C
4284,C,C
4285,C,C
4286,C,C
4287,C,C
4288,C,C
4289,C,C
4290,C,C
4291,C,C
4292,C,C
4293,C,C
4294,C,C
4295,C,C
4296,C,C
4297,C,C
4298,S,C
4299,S,C
4300,C,C
4301,C,C
4302,C,C
4303,C,C
4304,C,C
4305,S,C
4306,C,C
4307,C,C
4308,T,C
4309,T,C
4310,H,H
4311,H,H
4312,H,H
4313,H,H
4314,H,H
4315,H,H
4316,H,H
4317,H,H
4318,H,H
4319,H,H
4320,H,H
4321,H,H
4322,S,C
4323,S,C
4324,H,H
4325,H,H
4326,H,H
4327,H,H
4328,H,H
4329,H,H
4330,H,H
4331,H,H
4332,H,H
4333,H,H
4334,S,C
4335,G,H
4336,G,H
4337,G,H
4338,G,H
4339,S,C
4340,T,C
4341,T,C
4342,S,C
4343,S,C
4344,C,C
4345,S,C
4346,S,C
4347,C,C
4348,C,C
4349,C,C
4350,T,C
4351,T,C
4352,T,C
4353,T,C
4354,T,C
4355,T,C
4356,H,H
4357,H,H
4358,H,H
4359,H,H
4360,H,H
4361,H,H
4362,S,C
4363,C,C
4364,C,C
4365,T,C
4366,T,C
4367,C,C
4368,C,C
4369,E,E
4370,E,E
4371,E,E
4372,E,E
4373,T,C
4374,T,C
4375,E,E
4376,E,E
4377,E,E
4378,C,C
4379,G,H
4380,G,H
4381,G,H
4382,C,C
4383,S,C
4384,H,H
4385,H,H
4386,H,H
4387,H,H
4388,H,H
4389,H,H
4390,H,H
4391,H,H
4392,H,H
4393,H,H
4394,H,H
4395,H,H
4396,H,H
4397,H,H
4398,H,H
4399,H,H
4400,H,H
4401,H,H
4402,G,H
4403,G,H
4404,G,H
4405,S,C
4406,C,C
4407,C,C
4408,H,H
4409,H,H
4410,H,H
4411,H,H
4412,H,H
4413,H,H
4414,H,H
4415,H,H
4416,T,C
4417,C,C
4418,H,H
4419,H,H
4420,H,H
4421,H,H
4422,H,H
4423,H,H
4424,H,H
4425,H,H
4426,H,H
4427,T,C
4428,T,C
4429,S,C
4430,C,C
4431,C,C
4432,C,C
4433,B,E
4434,C,C
4435,C,C
4436,C,C
4437,S,C
4438,G,H
4439,G,H
4440,G,H
4441,T,C
4442,T,C
4443,C,C
4444,S,C
4445,C,C
4446,C,C
4447,C,C
4448,S,C
4449,C,C
4450,C,C
4451,S,C
4452,S,C
4453,S,C
4454,C,C
4455,S,C
4456,S,C
4457,S,C
4458,T,C
4459,T,C
4460,S,C
4461,C,C
4462,C,C
4463,C,C
4464,H,H
4465,H,H
4466,H,H
4467,H,H
4468,H,H
4469,S,C
4470,C,C
4471,C,C
4472,S,C
4473,S,C
4474,S,C
4475,C,C
4476,C,C
4477,C,C
4478,C,C
4479,S,C
4480,S,C
4481,C,C
4482,C,C
4483,C,C
4484,E,E
4485,E,E
4486,E,E
4487,E,E
4488,E,E
4489,E,E
4490,E,E
4491,S,C
4492,S,C
4493,C,C
4494,H,H
4495,H,H
4496,H,H
4497,H,H
4498,H,H
4499,I,H
4500,I,H
4501,I,H
4502,I,H
4503,I,H
4504,I,H
4505,H,H
4506,H,H
4507,H,H
4508,H,H
4509,H,H
4510,T,C
4511,T,C
4512,C,C
4513,S,C
4514,C,C
4515,E,E
4516,E,E
4517,E,E
4518,E,E
4519,E,E
4520,E,E
4521,E,E
4522,C,C
4523,S,C
4524,S,C
4525,H,H
4526,H,H
4527,H,H
4528,H,H
4529,H,H
4530,H,H
4531,H,H
4532,H,H
4533,H,H
4534,H,H
4535,H,H
4536,H,H
4537,H,H
4538,H,H
4539,H,H
4540,T,C
4541,T,C
4542,C,C
4543,H,H
4544,H,H
4545,H,H
4546,H,H
4547,H,H
4548,H,H
4549,H,H
4550,H,H
4551,H,H
4552,H,H
4553,H,H
4554,H,H
4555,H,H
4556,H,H
4557,T,C
4558,C,C
4559,S,C
4560,S,C
4561,S,C
4562,C,C
4563,C,C
4564,H,H
4565,H,H
4566,H,H
4567,H,H
4568,H,H
4569,H,H
4570,H,H
4571,H,H
4572,H,H
4573,H,H
4574,H,H
4575,T,C
4576,S,C
4577,C,C
4578,C,C
4579,C,C
4580,S,C
4581,S,C
4582,C,C
4583,C,C
4584,C,C
4585,C,C
4586,S,C
4587,C,C
4588,C,C
4589,C,C
4590,C,C
4591,T,C
4592,T,C
4593,I,H
4594,I,H
4595,I,H
4596,I,H
4597,I,H
4598,H,H
4599,H,H
4600,H,H
4601,H,H
4602,H,H
4603,H,H
4604,H,H
4605,H,H
4606,H,H
4607,H,H
4608,T,C
4609,T,C
4610,C,C
4611,C,C
4612,S,C
4613,S,C
4614,S,C
4615,C,C
4616,E,E
4617,E,E
4618,E,E
4619,E,E
4620,T,C
4621,T,C
4622,E,E
4623,E,E
4624,E,E
4625,E,E
4626,S,C
4627,C,C
4628,S,C
4629,S,C
4630,H,H
4631,H,H
4632,H,H
4633,H,H
4634,H,H
4635,H,H
4636,H,H
4637,H,H
4638,H,H
4639,H,H
4640,H,H
4641,H,H
4642,H,H
4643,H,H
4644,H,H
4645,H,H
4646,H,H
4647,H,H
4648,H,H
4649,H,H
4650,H,H
4651,T,C
4652,T,C
4653,C,C
4654,C,C
4655,C,C
4656,S,C
4657,S,C
4658,C,C
4659,C,C
4660,S,C
4661,G,H
4662,G,H
4663,G,H
4664,T,C
4665,T,C
4666,T,C
4667,S,C
4668,C,C
4669,B,E
4670,S,C
4671,S,C
4672,C,C
4673,C,C
4674,T,C
4675,T,C
4676,T,C
4677,S,C
4678,C,C
4679,S,C
4680,S,C
4681,T,C
4682,T,C
4683,C,C
4684,C,C
4685,E,E
4686,E,E
4687,C,C
4688,C,C
4689,H,H
4690,H,H
4691,H,H
4692,H,H
4693,H,H
4694,H,H
4695,H,H
4696,T,C
4697,H,H
4698,H,H
4699,H,H
4700,H,H
4701,T,C
4702,S,C
4703,S,C
4704,C,C
4705,E,E
4706,E,E
4707,C,C
4708,C,C
4709,C,C
4710,S,C
4711,S,C
4712,C,C
4713,C,C
4714,T,C
4715,T,C
4716,T,C
4717,C,C
4718,E,E
4719,E,E
4720,E,E
4721,E,E
4722,E,E
4723,E,E
4724,E,E
4725,C,C
4726,T,C
4727,T,C
4728,S,C
4729,H,H
4730,H,H
4731,H,H
4732,H,H
4733,H,H
4734,H,H
4735,H,H
4736,H,H
4737,H,H
4738,H,H
4739,H,H
4740,H,H
4741,H,H
4742,H,H
4743,H,H
4744,H,H
4745,C,C
4746,T,C
4747,T,C
4748,E,E
4749,E,E
4750,E,E
4751,E,E
4752,E,E
4753,E,E
4754,E,E
4755,C,C
4756,C,C
4757,S,C
4758,C,C
4759,C,C
4760,S,C
4761,S,C
4762,C,C
4763,H,H
4764,H,H
4765,H,H
4766,H,H
4767,H,H
4768,H,H
4769,H,H
4770,H,H
4771,H,H
4772,H,H
4773,S,C
4774,G,H
4775,G,H
4776,G,H
4777,T,C
4778,T,C
4779,C,C
4780,C,C
4781,S,C
4782,S,C
4783,H,H
4784,H,H
4785,H,H
4786,H,H
4787,H,H
4788,H,H
4789,H,H
4790,H,H
4791,H,H
4792,C,C
4793,C,C
4794,C,C
4795,C,C
4796,C,C
4797,C,C
4798,C,C
4799,H,H
4800,H,H
4801,H,H
4802,H,H
4803,H,H
4804,H,H
4805,H,H
4806,H,H
4807,H,H
4808,H,H
4809,H,H
4810,H,H
4811,H,H
4812,T,C
4813,T,C
4814,C,C
4815,C,C
4816,T,C
4817,T,C
4818,C,C
4819,E,E
4820,E,E
4821,E,E
4822,E,E
4823,E,E
4824,T,C
4825,T,C
4826,E,E
4827,E,E
4828,E,E
4829,E,E
4830,E,E
4831,E,E
4832,S,C
4833,C,C
4834,T,C
4835,T,C
4836,S,C
4837,S,C
4838,C,C
4839,H,H
4840,H,H
4841,H,H
4842,H,H
4843,H,H
4844,H,H
4845,H,H
4846,H,H
4847,H,H
4848,H,H
4849,H,H
4850,I,H
4851,I,H
4852,I,H
4853,I,H
4854,I,H
4855,H,H
4856,H,H
4857,H,H
4858,H,H
4859,H,H
4860,H,H
4861,H,H
4862,H,H
4863,H,H
4864,H,H
4865,T,C
4866,C,C
4867,T,C
4868,T,C
4869,S,C
4870,C,C
4871,C,C
4872,S,C
4873,H,H
4874,H,H
4875,H,H
4876,H,H
4877,H,H
4878,H,H
4879,H,H
4880,H,H
4881,H,H
4882,H,H
4883,H,H
4884,H,H
4885,H,H
4886,H,H
4887,T,C
4888,C,C
4889,C,C
4890,S,C
4891,S,C
4892,C,C
4893,T,C
4894,T,C
4895,T,C
4896,S,C
4897,C,C
4898,S,C
4899,C,C
4900,C,C
4901,C,C
4902,C,C
4903,C,C
4904,C,C
4905,C,C
4906,T,C
4907,T,C
4908,S,C
4909,S,C
4910,S,C
4911,C,C
4912,C,C
4913,T,C
4914,T,C
4915,T,C
4916,E,E
4917,E,E
4918,E,E
4919,E,E
4920,S,C
4921,C,C
4922,T,C
4923,T,C
4924,T,C
4925,C,C
4926,S,C
4927,E,E
4928,E,E
4929,E,E
4930,E,E
4931,E,E
4932,E,E
4933,E,E
4934,C,C
4935,T,C
4936,T,C
4937,C,C
4938,S,C
4939,H,H
4940,H,H
4941,H,H
4942,H,H
4943,H,H
4944,H,H
4945,H,H
4946,H,H
4947,H,H
4948,H,H
4949,H,H
4950,H,H
4951,H,H
4952,T,C
4953,S,C
4954,T,C
4955,T,C
4956,E,E
4957,E,E
4958,E,E
4959,E,E
4960,E,E
4961,E,E
4962,E,E
4963,C,C
4964,C,C
4965,C,C
4966,S,C
4967,C,C
4968,C,C
4969,S,C
4970,S,C
4971,C,C
4972,S,C
4973,C,C
4974,C,C
4975,E,E
4976,E,E
4977,E,E
4978,E,E
4979,E,E
4980,E,E
4981,C,C
4982,C,C
4983,S,C
4984,S,C
4985,C,C
4986,C,C
4987,B,E
4988,C,C
4989,T,C
4990,T,C
4991,S,C
4992,C,C
4993,B,E
4994,C,C
4995,C,C
4996,C,C
4997,C,C
4998,E,E
4999,E,E
5000,E,E
5001,E,E
5002,S,C
5003,C,C
5004,C,C
5005,S,C
5006,S,C
5007,C,C
5008,C,C
5009,E,E
5010,E,E
5011,E,E
5012,E,E
5013,E,E
5014,E,E
5015,C,C
5016,C,C
5017,T,C
5018,T,C
5019,E,E
5020,E,E
5021,E,E
5022,E,E
5023,E,E
5024,E,E
5025,E,E
5026,C,C
5027,S,C
5028,S,C
5029,C,C
5030,S,C
5031,S,C
5032,S,C
5033,B,E
5034,C,C
5035,H,H
5036,H,H
5037,H,H
5038,H,H
5039,H,H
5040,H,H
5041,H,H
5042,H,H
5043,S,C
5044,C,C
5045,S,C
5046,C,C
5047,E,E
5048,E,E
5049,E,E
5050,E,E
5051,E,E
5052,E,E
5053,E,E
5054,E,E
5055,E,E
5056,E,E
5057,E,E
5058,E,E
5059,E,E
5060,E,E
5061,E,E
5062,C,C
5063,E,E
5064,E,E
5065,E,E
5066,S,C
5067,S,C
5068,C,C
5069,C,C
5070,C,C
5071,C,C
5072,T,C
5073,T,C
5074,C,C
5075,E,E
5076,E,E
5077,E,E
5078,E,E
5079,E,E
5080,C,C
5081,S,C
5082,S,C
5083,C,C
5084,S,C
5085,C,C
5086,S,C
5087,E,E
5088,E,E
5089,E,E
5090,E,E
5091,C,C
5092,C,C
5093,S,C
5094,G,H
5095,G,H
5096,G,H
5097,E,E
5098,E,E
5099,E,E
5100,E,E
5101,E,E
5102,E,E
5103,C,C
5104,S,C
5105,E,E
5106,E,E
5107,E,E
5108,E,E
5109,E,E
5110,E,E
5111,E,E
5112,C,C
5113,T,C
5114,T,C
5115,H,H
5116,H,H
5117,H,H
5118,H,H
5119,H,H
5120,E,E
5121,E,E
5122,E,E
5123,E,E
5124,E,E
5125,C,C
5126,C,C
5127,C,C
5128,S,C
5129,C,C
5130,S,C
5131,S,C
5132,C,C
5133,C,C
5134,T,C
5135,T,C
5136,C,C
5137,C,C
5138,C,C
5139,C,C
5140,E,E
5141,E,E
5142,E,E
5143,E,E
5144,C,C
5145,S,C
5146,T,C
5147,T,C
5148,C,C
5149,E,E
5150,E,E
5151,E,E
5152,C,C
5153,C,C
5154,E,E
5155,E,E
5156,E,E
5157,E,E
5158,C,C
5159,T,C
5160,T,C
5161,C,C
5162,C,C
5163,C,C
5164,C,C
5165,T,C
5166,T,C
5167,S,C
5168,C,C
5169,C,C
5170,C,C
5171,C,C
5172,C,C
5173,C,C
5174,C,C
5175,C,C
5176,C,C
5177,C,C
5178,C,C
5179,C,C
5180,C,C
5181,C,C
5182,C,C
5183,C,C
5184,C,C
5185,C,C
5186,C,C
5187,C,C
5188,C,C
5189,C,C
5190,C,C
5191,C,C
5192,C,C
5193,C,C
5194,C,C
5195,C,C
5196,C,C
5197,C,C
5198,C,C
5199,C,C
5200,C,C
5201,C,C
5202,C,C
5203,C,C
5204,C,C
5205,C,C
5206,C,C
5207,C,C
5208,C,C
5209,H,H
5210,H,H
5211,H,H
5212,H,H
5213,H,H
5214,S,C
5215,C,C
5216,S,C
5217,E,E
5218,E,E
5219,E,E
5220,E,E
5221,E,E
5222,C,C
5223,C,C
5224,C,C
5225,S,C
5226,H,H
5227,H,H
5228,H,H
5229,H,H
5230,H,H
5231,H,H
5232,H,H
5233,H,H
5234,H,H
5235,H,H
5236,H,H
5237,H,H
5238,H,H
5239,H,H
5240,H,H
5241,H,H
5242,T,C
5243,C,C
5244,S,C
5245,S,C
5246,C,C
5247,E,E
5248,E,E
5249,E,E
5250,E,E
5251,E,E
5252,E,E
5253,G,H
5254,G,H
5255,G,H
5256,S,C
5257,C,C
5258,H,H
5259,H,H
5260,H,H
5261,H,H
5262,H,H
5263,H,H
5264,H,H
5265,H,H
5266,H,H
5267,H,H
5268,H,H
5269,H,H
5270,H,H
5271,H,H
5272,T,C
5273,C,C
5274,E,E
5275,E,E
5276,E,E
5277,E,E
5278,E,E
5279,C,C
5280,C,C
5281,C,C
5282,C,C
5283,C,C
5284,S,C
5285,S,C
5286,S,C
5287,C,C
5288,C,C
5289,C,C
5290,S,C
5291,S,C
5292,H,H
5293,H,H
5294,H,H
5295,H,H
5296,H,H
5297,H,H
5298,H,H
5299,H,H
5300,H,H
5301,H,H
5302,T,C
5303,T,C
5304,H,H
5305,H,H
5306,H,H
5307,H,H
5308,S,C
5309,C,C
5310,T,C
5311,T,C
5312,C,C
5313,C,C
5314,C,C
5315,E,E
5316,E,E
5317,E,E
5318,E,E
5319,C,C
5320,T,C
5321,T,C
5322,C,C
5323,E,E
5324,E,E
5325,C,C
5326,S,C
5327,C,C
5328,T,C
5329,H,H
5330,H,H
5331,H,H
5332,H,H
5333,H,H
5334,S,C
5335,C,C
5336,C,C
5337,T,C
5338,T,C
5339,C,C
5340,S,C
5341,E,E
5342,E,E
5343,E,E
5344,E,E
5345,E,E
5346,C,C
5347,C,C
5348,C,C
5349,C,C
5350,C,C
5351,S,C
5352,S,C
5353,C,C
5354,G,H
5355,G,H
5356,G,H
5357,C,C
5358,G,H
5359,G,H
5360,G,H
5361,S,C
5362,H,H
5363,H,H
5364,H,H
5365,H,H
5366,H,H
5367,H,H
5368,S,C
5369,S,C
5370,S,C
5371,C,C
5372,C,C
5373,C,C
5374,E,E
5375,E,E
5376,E,E
5377,E,E
5378,E,E
5379,E,E
5380,E,E
5381,E,E
5382,C,C
5383,H,H
5384,H,H
5385,H,H
5386,H,H
5387,H,H
5388,H,H
5389,H,H
5390,T,C
5391,H,H
5392,H,H
5393,H,H
5394,H,H
5395,H,H
5396,H,H
5397,H,H
5398,H,H
5399,H,H
5400,H,H
5401,H,H
5402,H,H
5403,T,C
5404,T,C
5405,S,C
5406,T,C
5407,T,C
5408,S,C
5409,C,C
5410,S,C
5411,S,C
5412,H,H
5413,H,H
5414,H,H
5415,H,H
5416,H,H
5417,H,H
5418,H,H
5419,H,H
5420,T,C
5421,T,C
5422,T,C
5423,T,C
5424,S,C
5425,C,C
5426,E,E
5427,E,E
5428,E,E
5429,C,C
5430,C,C
5431,G,H
5432,G,H
5433,G,H
5434,C,C
5435,B,E
5436,C,C
5437,T,C
5438,T,C
5439,T,C
5440,S,C
5441,C,C
5442,T,C
5443,T,C
5444,G,H
5445,G,H
5446,G,H
5447,G,H
5448,C,C
5449,C,C
5450,E,E
5451,E,E
5452,C,C
5453,C,C
5454,C,C
5455,C,C
5456,C,C
5457,S,C
5458,S,C
5459,S,C
5460,C,C
5461,C,C
5462,C,C
5463,H,H
5464,H,H
5465,H,H
5466,H,H
5467,H,H
5468,H,H
5469,H,H
5470,H,H
5471,C,C
5472,T,C
5473,T,C
5474,H,H
5475,H,H
5476,H,H
5477,H,H
5478,H,H
5479,H,H
5480,H,H
5481,H,H
5482,H,H
5483,H,H
5484,H,H
5485,H,H
5486,H,H
5487,H,H
5488,H,H
5489,H,H
5490,T,C
5491,C,C
5492,C,C
5493,C,C
5494,C,C
5495,C,C
5496,C,C
5497,C,C
5498,C,C
5499,C,C
5500,C,C
5501,C,C
5502,C,C
5503,C,C
5504,C,C
5505,C,C
5506,C,C
5507,C,C
5508,C,C
5509,C,C
5510,C,C
5511,C,C
5512,C,C
5513,C,C
5514,C,C
5515,C,C
5516,C,C
5517,C,C
5518,C,C
5519,C,C
5520,C,C
5521,C,C
5522,C,C
5523,C,C
5524,C,C
5525,C,C
5526,C,C
5527,C,C
5528,C,C
5529,C,C
5530,C,C
5531,C,C
5532,C,C
5533,C,C
5534,C,C
5535,C,C
5536,C,C
5537,C,C
5538,C,C
5539,C,C
5540,C,C
5541,C,C
5542,C,C
5543,C,C
5544,C,C
5545,C,C
5546,C,C
5547,C,C
5548,C,C
5549,C,C
5550,C,C
5551,C,C
5552,C,C
5553,C,C
5554,C,C
5555,C,C
5556,C,C
5557,C,C
5558,C,C
5559,C,C
5560,C,C
5561,C,C
5562,C,C
5563,H,H
5564,H,H
5565,H,H
5566,H,H
5567,H,H
5568,H,H
5569,H,H
5570,H,H
5571,H,H
5572,H,H
5573,H,H
5574,H,H
5575,H,H
5576,H,H
5577,H,H
5578,H,H
5579,H,H
5580,H,H
5581,H,H
5582,H,H
5583,H,H
5584,H,H
5585,H,H
5586,H,H
5587,H,H
5588,H,H
5589,H,H
5590,T,C
5591,T,C
5592,T,C
5593,T,C
5594,T,C
5595,C,C
5596,S,C
5597,T,C
5598,T,C
5599,B,E
5600,C,C
5601,S,C
5602,S,C
5603,S,C
5604,C,C
5605,C,C
5606,B,E
5607,C,C
5608,C,C
5609,S,C
5610,C,C
5611,T,C
5612,T,C
5613,C,C
5614,S,C
5615,S,C
5616,S,C
5617,C,C
5618,C,C
5619,H,H
5620,H,H
5621,H,H
5622,H,H
5623,H,H
5624,H,H
5625,H,H
5626,H,H
5627,H,H
5628,H,H
5629,H,H
5630,H,H
5631,H,H
5632,H,H
5633,H,H
5634,H,H
5635,H,H
5636,H,H
5637,H,H
5638,S,C
5639,S,C
5640,C,C
5641,C,C
5642,C,C
5643,C,C
5644,S,C
5645,S,C
5646,S,C
5647,C,C
5648,C,C
5649,S,C
5650,S,C
5651,T,C
5652,T,C
5653,G,H
5654,G,H
5655,G,H
5656,T,C
5657,G,H
5658,G,H
5659,G,H
5660,T,C
5661,T,C
5662,H,H
5663,H,H
5664,H,H
5665,H,H
5666,T,C
5667,H,H
5668,H,H
5669,H,H
5670,H,H
5671,H,H
5672,G,H
5673,G,H
5674,G,H
5675,T,C
5676,C,C
5677,S,C
5678,H,H
5679,H,H
5680,H,H
5681,H,H
5682,H,H
5683,H,H
5684,H,H
5685,H,H
5686,H,H
5687,H,H
5688,H,H
5689,H,H
5690,H,H
5691,H,H
5692,H,H
5693,H,H
5694,H,H
5695,H,H
5696,H,H
5697,H,H
5698,H,H
5699,H,H
5700,H,H
5701,S,C
5702,C,C
5703,C,C
5704,C,C
5705,C,C
5706,S,C
5707,S,C
5708,S,C
5709,C,C
5710,T,C
5711,T,C
5712,H,H
5713,H,H
5714,H,H
5715,H,H
5716,H,H
5717,T,C
5718,H,H
5719,H,H
5720,H,H
5721,H,H
5722,H,H
5723,H,H
5724,H,H
5725,H,H
5726,H,H
5727,H,H
5728,H,H
5729,T,C
5730,T,C
5731,H,H
5732,H,H
5733,H,H
5734,H,H
5735,H,H
5736,H,H
5737,G,H
5738,G,H
5739,G,H
5740,G,H
5741,S,C
5742,C,C
5743,S,C
5744,S,C
5745,S,C
5746,C,C
5747,C,C
5748,C,C
5749,T,C
5750,T,C
5751,C,C
5752,C,C
5753,C,C
5754,H,H
5755,H,H
5756,H,H
5757,H,H
5758,H,H
5759,H,H
5760,H,H
5761,H,H
5762,H,H
5763,H,H
5764,H,H
5765,H,H
5766,T,C
5767,T,C
5768,T,C
5769,T,C
5770,C,C
5771,S,C
5772,C,C
5773,C,C
5774,C,C
5775,C,C
5776,C,C
5777,C,C
5778,C,C
5779,C,C
5780,T,C
5781,T,C
5782,T,C
5783,S,C
5784,H,H
5785,H,H
5786,H,H
5787,H,H
5788,H,H
5789,H,H
5790,H,H
5791,H,H
5792,H,H
5793,C,C
5794,C,C
5795,C,C
5796,C,C
5797,C,C
5798,C,C
5799,S,C
5800,C,C
5801,C,C
5802,C,C
5803,C,C
5804,H,H
5805,H,H
5806,H,H
5807,H,H
5808,H,H
5809,H,H
5810,H,H
5811,H,H
5812,H,H
5813,H,H
5814,H,H
5815,H,H
5816,H,H
5817,H,H
5818,H,H
5819,H,H
5820,H,H
5821,H,H
5822,H,H
5823,H,H
5824,H,H
5825,H,H
5826,H,H
5827,H,H
5828,H,H
5829,T,C
5830,H,H
5831,H,H
5832,H,H
5833,H,H
5834,H,H
5835,H,H
5836,H,H
5837,H,H
5838,C,C
5839,C,C
5840,C,C
5841,H,H
5842,H,H
5843,H,H
5844,H,H
5845,H,H
5846,H,H
5847,H,H
5848,H,H
5849,H,H
5850,T,C
5851,T,C
5852,S,C
5853,C,C
5854,C,C
5855,C,C
5856,S,C
5857,C,C
5858,T,C
5859,T,C
5860,T,C
5861,H,H
5862,H,H
5863,H,H
5864,H,H
5865,H,H
5866,H,H
5867,H,H
5868,H,H
5869,H,H
5870,H,H
5871,H,H
5872,H,H
5873,H,H
5874,H,H
5875,H,H
5876,H,H
5877,H,H
5878,H,H
5879,H,H
5880,H,H
5881,H,H
5882,H,H
5883,H,H
5884,H,H
5885,H,H
5886,H,H
5887,H,H
5888,H,H
5889,H,H
5890,H,H
5891,H,H
5892,H,H
5893,H,H
5894,H,H
5895,H,H
5896,H,H
5897,H,H
5898,H,H
5899,H,H
5900,H,H
5901,H,H
5902,H,H
5903,H,H
5904,H,H
5905,H,H
5906,H,H
5907,H,H
5908,T,C
5909,C,C
5910,S,C
5911,S,C
5912,S,C
5913,H,H
5914,H,H
5915,H,H
5916,H,H
5917,T,C
5918,S,C
5919,C,C
5920,C,C
5921,C,C
5922,C,C
5923,C,C
5924,H,H
5925,H,H
5926,H,H
5927,H,H
5928,H,H
5929,H,H
5930,H,H
5931,T,C
5932,T,C
5933,S,C
5934,H,H
5935,H,H
5936,H,H
5937,H,H
5938,H,H
5939,H,H
5940,H,H
5941,H,H
5942,H,H
5943,H,H
5944,H,H
5945,H,H
5946,H,H
5947,H,H
5948,H,H
5949,H,H
5950,H,H
5951,H,H
5952,H,H
5953,H,H
5954,H,H
5955,H,H
5956,H,H
5957,H,H
5958,H,H
5959,H,H
5960,I,H
5961,I,H
5962,I,H
5963,I,H
5964,I,H
5965,H,H
5966,H,H
5967,H,H
5968,H,H
5969,T,C
5970,C,C
5971,S,C
5972,C,C
5973,C,C
5974,T,C
5975,T,C
5976,T,C
5977,T,C
5978,T,C
5979,G,H
5980,G,H
5981,G,H
5982,S,C
5983,T,C
5984,T,C
5985,H,H
5986,H,H
5987,H,H
5988,H,H
5989,H,H
5990,H,H
5991,H,H
5992,H,H
5993,H,H
5994,H,H
5995,H,H
5996,H,H
5997,H,H
5998,H,H
5999,H,H
6000,I,H
6001,I,H
6002,I,H
6003,I,H
6004,I,H
6005,E,E
6006,E,E
6007,E,E
6008,C,C
6009,G,H
6010,G,H
6011,G,H
6012,C,C
6013,E,E
6014,E,E
6015,E,E
6016,C,C
6017,C,C
6018,S,C
6019,H,H
6020,H,H
6021,H,H
6022,H,H
6023,H,H
6024,H,H
6025,H,H
6026,H,H
6027,T,C
6028,H,H
6029,H,H
6030,H,H
6031,H,H
6032,H,H
6033,H,H
6034,H,H
6035,H,H
6036,H,H
6037,H,H
6038,H,H
6039,H,H
6040,H,H
6041,H,H
6042,H,H
6043,H,H
6044,H,H
6045,H,H
6046,H,H
6047,H,H
6048,H,H
6049,H,H
6050,H,H
6051,H,H
6052,H,H
6053,G,H
6054,G,H
6055,G,H
6056,C,C
6057,S,C
6058,S,C
6059,S,C
6060,C,C
6061,S,C
6062,S,C
6063,C,C
6064,G,H
6065,G,H
6066,G,H
6067,G,H
6068,G,H
6069,G,H
6070,C,C
6071,H,H
6072,H,H
6073,H,H
6074,H,H
6075,H,H
6076,H,H
6077,H,H
6078,H,H
6079,H,H
6080,H,H
6081,H,H
6082,H,H
6083,H,H
6084,H,H
6085,T,C
6086,T,C
6087,C,C
6088,C,C
6089,T,C
6090,T,C
6091,H,H
6092,H,H
6093,H,H
6094,H,H
6095,H,H
6096,H,H
6097,H,H
6098,H,H
6099,H,H
6100,T,C
6101,T,C
6102,T,C
6103,T,C
6104,T,C
6105,C,C
6106,C,C
6107,C,C
6108,C,C
6109,C,C
6110,C,C
6111,C,C
6112,C,C
6113,C,C
6114,C,C
6115,C,C
6116,C,C
6117,C,C
6118,C,C
6119,C,C
6120,C,C
6121,C,C
6122,C,C
6123,C,C
6124,C,C
6125,C,C
6126,C,C
6127,C,C
6128,C,C
6129,C,C
6130,H,H
6131,H,H
6132,H,H
6133,H,H
6134,H,H
6135,H,H
6136,H,H
6137,H,H
6138,H,H
6139,H,H
6140,H,H
6141,H,H
6142,H,H
6143,H,H
6144,H,H
6145,H,H
6146,H,H
6147,H,H
6148,H,H
6149,H,H
6150,C,C
6151,G,H
6152,G,H
6153,G,H
6154,T,C
6155,H,H
6156,H,H
6157,H,H
6158,H,H
6159,T,C
6160,T,C
6161,C,C
6162,C,C
6163,C,C
6164,C,C
6165,C,C
6166,C,C
6167,C,C
6168,C,C
6169,C,C
6170,C,C
6171,C,C
6172,C,C
6173,C,C
6174,C,C
6175,C,C
6176,C,C
6177,C,C
6178,C,C
6179,C,C
6180,C,C
6181,C,C
6182,C,C
6183,C,C
6184,C,C
6185,C,C
6186,C,C
6187,C,C
6188,C,C
6189,C,C
6190,C,C
6191,C,C
6192,C,C
6193,C,C
6194,C,C
6195,C,C
6196,C,C
6197,C,C
6198,C,C
6199,C,C
6200,C,C
6201,C,C
6202,C,C
6203,C,C
6204,C,C
6205,C,C
6206,S,C
6207,S,C
6208,H,H
6209,H,H
6210,H,H
6211,H,H
6212,H,H
6213,H,H
6214,T,C
6215,C,C
6216,E,E
6217,E,E
6218,E,E
6219,E,E
6220,T,C
6221,T,C
6222,E,E
6223,E,E
6224,E,E
6225,E,E
6226,E,E
6227,E,E
6228,E,E
6229,C,C
6230,T,C
6231,T,C
6232,T,C
6233,C,C
6234,C,C
6235,E,E
6236,E,E
6237,E,E
6238,E,E
6239,E,E
6240,E,E
6241,E,E
6242,E,E
6243,T,C
6244,T,C
6245,E,E
6246,E,E
6247,E,E
6248,E,E
6249,E,E
6250,E,E
6251,E,E
6252,C,C
6253,G,H
6254,G,H
6255,G,H
6256,S,C
6257,C,C
6258,H,H
6259,H,H
6260,H,H
6261,H,H
6262,H,H
6263,H,H
6264,H,H
6265,H,H
6266,T,C
6267,T,C
6268,T,C
6269,S,C
6270,C,C
6271,C,C
6272,C,C
6273,C,C
6274,C,C
6275,C,C
6276,C,C
6277,C,C
6278,C,C
6279,C,C
6280,C,C
6281,C,C
6282,C,C
6283,C,C
6284,C,C
6285,C,C
6286,C,C
6287,C,C
6288,C,C
6289,C,C
6290,C,C
6291,B,E
6292,C,C
6293,T,C
6294,T,C
6295,S,C
6296,C,C
6297,B,E
6298,C,C
6299,S,C
6300,E,E
6301,E,E
6302,E,E
6303,E,E
6304,E,E
6305,E,E
6306,C,C
6307,C,C
6308,C,C
6309,E,E
6310,E,E
6311,E,E
6312,E,E
6313,T,C
6314,T,C
6315,E,E
6316,E,E
6317,E,E
6318,E,E
6319,C,C
6320,S,C
6321,C,C
6322,C,C
6323,E,E
6324,E,E
6325,E,E
6326,E,E
6327,C,C
6328,T,C
6329,T,C
6330,T,C
6331,C,C
6332,S,C
6333,C,C
6334,E,E
6335,E,E
6336,C,C
6337,S,C
6338,S,C
6339,C,C
6340,T,C
6341,T,C
6342,S,C
6343,S,C
6344,C,C
6345,S,C
6346,H,H
6347,H,H
6348,H,H
6349,H,H
6350,H,H
6351,H,H
6352,H,H
6353,H,H
6354,H,H
6355,H,H
6356,S,C
6357,S,C
6358,C,C
6359,C,C
6360,T,C
6361,T,C
6362,E,E
6363,E,E
6364,E,E
6365,E,E
6366,E,E
6367,E,E
6368,C,C
6369,S,C
6370,S,C
6371,C,C
6372,C,C
6373,G,H
6374,G,H
6375,G,H
6376,C,C
6377,C,C
6378,C,C
6379,C,C
6380,C,C
6381,T,C
6382,T,C
6383,S,C
6384,C,C
6385,C,C
6386,C,C
6387,C,C
6388,E,E
6389,E,E
6390,E,E
6391,E,E
6392,E,E
6393,E,E
6394,T,C
6395,T,C
6396,T,C
6397,T,C
6398,E,E
6399,E,E
6400,E,E
6401,E,E
6402,E,E
6403,E,E
6404,C,C
6405,C,C
6406,C,C
6407,T,C
6408,T,C
6409,C,C
6410,C,C
6411,C,C
6412,S,C
6413,S,C
6414,S,C
6415,C,C
6416,S,C
6417,C,C
6418,C,C
6419,C,C
6420,C,C
6421,S,C
6422,S,C
6423,B,E
6424,E,E
6425,E,E
6426,E,E
6427,E,E
6428,E,E
6429,E,E
6430,E,E
6431,E,E
6432,E,E
6433,H,H
6434,H,H
6435,H,H
6436,H,H
6437,H,H
6438,H,H
6439,H,H
6440,H,H
6441,H,H
6442,H,H
6443,H,H
6444,H,H
6445,H,H
6446,T,C
6447,T,C
6448,C,C
6449,C,C
6450,C,C
6451,E,E
6452,E,E
6453,E,E
6454,E,E
6455,E,E
6456,C,C
6457,T,C
6458,T,C
6459,C,C
6460,C,C
6461,T,C
6462,T,C
6463,S,C
6464,H,H
6465,H,H
6466,H,H
6467,H,H
6468,T,C
6469,T,C
6470,S,C
6471,C,C
6472,C,C
6473,C,C
6474,C,C
6475,C,C
6476,C,C
6477,S,C
6478,S,C
6479,S,C
6480,E,E
6481,E,E
6482,E,E
6483,E,E
6484,E,E
6485,E,E
6486,E,E
6487,C,C
6488,T,C
6489,T,C
6490,C,C
6491,C,C
6492,E,E
6493,E,E
6494,E,E
6495,E,E
6496,E,E
6497,E,E
6498,E,E
6499,C,C
6500,T,C
6501,T,C
6502,C,C
6503,C,C
6504,S,C
6505,C,C
6506,I,H
6507,I,H
6508,I,H
6509,I,H
6510,I,H
6511,I,H
6512,H,H
6513,H,H
6514,H,H
6515,H,H
6516,T,C
6517,S,C
6518,C,C
6519,B,E
6520,C,C
6521,C,C
6522,T,C
6523,T,C
6524,C,C
6525,C,C
6526,C,C
6527,S,C
6528,C,C
6529,C,C
6530,C,C
6531,C,C
6532,E,E
6533,E,E
6534,C,C
6535,T,C
6536,T,C
6537,S,C
6538,C,C
6539,E,E
6540,E,E
6541,C,C
6542,C,C
6543,C,C
6544,C,C
6545,E,E
6546,E,E
6547,E,E
6548,E,E
6549,C,C
6550,G,H
6551,G,H
6552,G,H
6553,T,C
6554,C,C
6555,C,C
6556,C,C
6557,E,E
6558,E,E
6559,E,E
6560,G,H
6561,G,H
6562,G,H
6563,B,E
6564,C,C
6565,C,C
6566,C,C
6567,E,E
6568,E,E
6569,E,E
6570,B,E
6571,S,C
6572,S,C
6573,T,C
6574,T,C
6575,E,E
6576,E,E
6577,E,E
6578,E,E
6579,E,E
6580,S,C
6581,C,C
6582,C,C
6583,S,C
6584,C,C
6585,S,C
6586,C,C
6587,C,C
6588,C,C
6589,S,C
6590,C,C
6591,C,C
6592,E,E
6593,E,E
6594,E,E
6595,E,E
6596,E,E
6597,E,E
6598,E,E
6599,C,C
6600,H,H
6601,H,H
6602,H,H
6603,H,H
6604,H,H
6605,H,H
6606,H,H
6607,H,H
6608,T,C
6609,T,C
6610,E,E
6611,E,E
6612,E,E
6613,C,C
6614,C,C
6615,C,C
6616,T,C
6617,T,C
6618,C,C
6619,C,C
6620,H,H
6621,H,H
6622,H,H
6623,H,H
6624,H,H
6625,H,H
6626,H,H
6627,H,H
6628,H,H
6629,H,H
6630,T,C
6631,T,C
6632,C,C
6633,C,C
6634,C,C
6635,C,C
6636,C,C
6637,C,C
6638,C,C
6639,C,C
6640,C,C
6641,C,C
6642,C,C
6643,C,C
6644,C,C
6645,C,C
6646,C,C
6647,C,C
6648,C,C
6649,C,C
6650,C,C
6651,C,C
6652,C,C
6653,C,C
6654,E,E
6655,E,E
6656,E,E
6657,E,E
6658,E,E
6659,E,E
6660,S,C
6661,C,C
6662,C,C
6663,T,C
6664,T,C
6665,C,C
6666,C,C
6667,T,C
6668,T,C
6669,T,C
6670,C,C
6671,E,E
6672,E,E
6673,E,E
6674,E,E
6675,T,C
6676,T,C
6677,E,E
6678,E,E
6679,E,E
6680,E,E
6681,E,E
6682,E,E
6683,E,E
6684,E,E
6685,E,E
6686,E,E
6687,E,E
6688,C,C
6689,T,C
6690,T,C
6691,S,C
6692,S,C
6693,S,C
6694,E,E
6695,E,E
6696,E,E
6697,E,E
6698,E,E
6699,E,E
6700,E,E
6701,C,C
6702,G,H
6703,G,H
6704,G,H
6705,G,H
6706,G,H
6707,G,H
6708,C,C
6709,T,C
6710,T,C
6711,T,C
6712,C,C
6713,E,E
6714,E,E
6715,E,E
6716,E,E
6717,C,C
6718,C,C
6719,C,C
6720,C,C
6721,B,E
6722,S,C
6723,S,C
6724,S,C
6725,C,C
6726,B,E
6727,C,C
6728,C,C
6729,S,C
6730,S,C
6731,H,H
6732,H,H
6733,H,H
6734,H,H
6735,C,C
6736,C,C
6737,C,C
6738,E,E
6739,E,E
6740,E,E
6741,E,E
6742,C,C
6743,C,C
6744,S,C
6745,S,C
6746,C,C
6747,C,C
6748,C,C
6749,C,C
6750,C,C
6751,S,C
6752,C,C
6753,C,C
6754,E,E
6755,E,E
6756,E,E
6757,S,C
6758,C,C
6759,C,C
6760,C,C
6761,S,C
6762,S,C
6763,S,C
6764,S,C
6765,C,C
6766,C,C
6767,S,C
6768,E,E
6769,E,E
6770,E,E
6771,E,E
6772,E,E
6773,E,E
6774,C,C
6775,S,C
6776,C,C
6777,C,C
6778,T,C
6779,T,C
6780,C,C
6781,C,C
6782,T,C
6783,T,C
6784,C,C
6785,E,E
6786,E,E
6787,E,E
6788,E,E
6789,T,C
6790,T,C
6791,E,E
6792,E,E
6793,E,E
6794,E,E
6795,E,E
6796,E,E
6797,E,E
6798,E,E
6799,E,E
6800,E,E
6801,E,E
6802,C,C
6803,T,C
6804,T,C
6805,T,C
6806,C,C
6807,C,C
6808,E,E
6809,E,E
6810,E,E
6811,E,E
6812,E,E
6813,E,E
6814,E,E
6815,C,C
6816,S,C
6817,T,C
6818,T,C
6819,G,H
6820,G,H
6821,G,H
6822,C,C
6823,B,E
6824,T,C
6825,T,C
6826,C,C
6827,E,E
6828,E,E
6829,E,E
6830,E,E
6831,E,E
6832,C,C
6833,S,C
6834,C,C
6835,E,E
6836,E,E
6837,E,E
6838,C,C
6839,C,C
6840,S,C
6841,S,C
6842,C,C
6843,C,C
6844,E,E
6845,E,E
6846,E,E
6847,C,C
6848,C,C
6849,H,H
6850,H,H
6851,H,H
6852,H,H
6853,H,H
6854,H,H
6855,S,C
6856,C,C
6857,E,E
6858,E,E
6859,E,E
6860,E,E
6861,E,E
6862,C,C
6863,C,C
6864,S,C
6865,S,C
6866,C,C
6867,C,C
6868,C,C
6869,C,C
6870,C,C
6871,B,E
6872,C,C
6873,C,C
6874,T,C
6875,T,C
6876,C,C
6877,E,E
6878,E,E
6879,E,E
6880,C,C
6881,B,E
6882,S,C
6883,S,C
6884,H,H
6885,H,H
6886,H,H
6887,H,H
6888,H,H
6889,H,H
6890,H,H
6891,T,C
6892,T,C
6893,C,C
6894,C,C
6895,C,C
6896,E,E
6897,E,E
6898,E,E
6899,E,E
6900,E,E
6901,E,E
6902,E,E
6903,C,C
6904,S,C
6905,C,C
6906,C,C
6907,C,C
6908,S,C
6909,C,C
6910,C,C
6911,T,C
6912,T,C
6913,C,C
6914,E,E
6915,E,E
6916,E,E
6917,E,E
6918,T,C
6919,T,C
6920,E,E
6921,E,E
6922,E,E
6923,E,E
6924,E,E
6925,E,E
6926,C,C
6927,C,C
6928,S,C
6929,S,C
6930,C,C
6931,C,C
6932,C,C
6933,H,H
6934,H,H
6935,H,H
6936,H,H
6937,H,H
6938,H,H
6939,H,H
6940,H,H
6941,H,H
6942,H,H
6943,C,C
6944,S,C
6945,E,E
6946,E,E
6947,E,E
6948,E,E
6949,E,E
6950,E,E
6951,E,E
6952,C,C
6953,G,H
6954,G,H
6955,G,H
6956,T,C
6957,C,C
6958,C,C
6959,C,C
6960,C,C
6961,C,C
6962,C,C
6963,C,C
6964,C,C
6965,C,C
6966,H,H
6967,H,H
6968,H,H
6969,H,H
6970,H,H
6971,H,H
6972,H,H
6973,H,H
6974,H,H
6975,T,C
6976,T,C
6977,T,C
6978,C,C
6979,C,C
6980,E,E
6981,E,E
6982,E,E
6983,E,E
6984,E,E
6985,S,C
6986,S,C
6987,S,C
6988,S,C
6989,S,C
6990,C,C
6991,C,C
6992,E,E
6993,E,E
6994,E,E
6995,E,E
6996,E,E
6997,C,C
6998,C,C
6999,C,C
7000,C,C
7001,C,C
7002,C,C
7003,C,C
7004,C,C
7005,C,C
7006,C,C
7007,C,C
7008,C,C
7009,C,C
7010,C,C
7011,C,C
7012,C,C
7013,C,C
7014,S,C
7015,C,C
7016,E,E
7017,E,E
7018,C,C
7019,B,E
7020,C,C
7021,C,C
7022,C,C
7023,H,H
7024,H,H
7025,H,H
7026,H,H
7027,H,H
7028,H,H
7029,H,H
7030,H,H
7031,H,H
7032,H,H
7033,H,H
7034,H,H
7035,H,H
7036,H,H
7037,H,H
7038,H,H
7039,H,H
7040,T,C
7041,C,C
7042,C,C
7043,H,H
7044,H,H
7045,H,H
7046,H,H
7047,H,H
7048,H,H
7049,H,H
7050,H,H
7051,H,H
7052,H,H
7053,H,H
7054,H,H
7055,H,H
7056,H,H
7057,H,H
7058,H,H
7059,H,H
7060,H,H
7061,H,H
7062,H,H
7063,H,H
7064,H,H
7065,H,H
7066,H,H
7067,H,H
7068,H,H
7069,H,H
7070,H,H
7071,H,H
7072,H,H
7073,H,H
7074,C,C
7075,C,C
7076,C,C
7077,C,C
7078,C,C
7079,C,C
7080,C,C
7081,C,C
7082,C,C
7083,C,C
7084,C,C
7085,C,C
7086,C,C
7087,C,C
7088,C,C
7089,C,C
7090,C,C
7091,C,C
7092,C,C
7093,C,C
7094,C,C
7095,C,C
7096,C,C
7097,C,C
7098,C,C
7099,C,C
7100,C,C
7101,C,C
7102,C,C
7103,C,C
7104,C,C
7105,C,C
7106,C,C
7107,C,C
7108,C,C
7109,C,C
7110,C,C
7111,E,E
7112,E,E
7113,E,E
7114,E,E
7115,E,E
7116,E,E
7117,E,E
7118,C,C
7119,S,C
7120,C,C
7121,C,C
7122,T,C
7123,T,C
7124,C,C
7125,C,C
7126,T,C
7127,T,C
7128,C,C
7129,E,E
7130,E,E
7131,E,E
7132,E,E
7133,T,C
7134,T,C
7135,E,E
7136,E,E
7137,E,E
7138,E,E
7139,E,E
7140,E,E
7141,E,E
7142,E,E
7143,E,E
7144,E,E
7145,E,E
7146,C,C
7147,T,C
7148,T,C
7149,T,C
7150,C,C
7151,C,C
7152,E,E
7153,E,E
7154,E,E
7155,E,E
7156,E,E
7157,E,E
7158,E,E
7159,E,E
7160,T,C
7161,T,C
7162,C,C
7163,C,C
7164,C,C
7165,C,C
7166,B,E
7167,T,C
7168,T,C
7169,C,C
7170,E,E
7171,E,E
7172,E,E
7173,E,E
7174,E,E
7175,E,E
7176,S,C
7177,T,C
7178,T,C
7179,T,C
7180,S,C
7181,C,C
7182,E,E
7183,E,E
7184,E,E
7185,E,E
7186,E,E
7187,E,E
7188,C,C
7189,C,C
7190,C,C
7191,C,C
7192,C,C
7193,C,C
7194,C,C
7195,C,C
7196,C,C
7197,C,C
7198,C,C
7199,B,E
7200,C,C
7201,C,C
7202,T,C
7203,T,C
7204,E,E
7205,E,E
7206,C,C
7207,C,C
7208,C,C
7209,E,E
7210,E,E
7211,C,C
7212,C,C
7213,C,C
7214,C,C
7215,H,H
7216,H,H
7217,H,H
7218,H,H
7219,H,H
7220,H,H
7221,H,H
7222,H,H
7223,H,H
7224,C,C
7225,C,C
7226,C,C
7227,C,C
7228,C,C
7229,C,C
7230,C,C
7231,C,C
7232,C,C
7233,C,C
7234,C,C
7235,C,C
7236,C,C
7237,C,C
7238,C,C
7239,C,C
7240,C,C
7241,C,C
7242,C,C
7243,C,C
7244,C,C
7245,C,C
7246,C,C
7247,C,C
7248,C,C
7249,C,C
7250,C,C
7251,C,C
7252,C,C
7253,C,C
7254,C,C
7255,C,C
